Palabras_Rotas,Frecuencia
COMPA�IA,1042207
D�AS,499344
DEDUCCI�N,407291
ZU�IGA,361034
EXHIBICI�N,245290
PI�A,159435
TREVI�O,156595
P�BLICO,138024
MU�IZ,121884
CR�DITO,113446
ACU�A,95044
VILLASE�OR,89570
BA�UELOS,80797
BOLA�OS,80641
QUI�ONES,72689
NI�O,67327
BRISE�O,62946
DUE�AS,55878
DISE�O,54783
I�IGUEZ,44142
BA�OS,40903
PI�ON,40446
GUDI�O,40052
AVI�A,37865
MONTA�EZ,35428
NU�O,34406
CABA�AS,33261
ZERME�O,31552
ENSE�ANZA,30327
COUTI�O,26882
ORDU�A,25228
ESPA�A,25158
SANTIBA�EZ,23035
CEDE�O,22237
URE�A,20137
MUCI�O,19706
AGUI�AGA,19443
CA�ADA,18836
GAMI�O,18831
VILLAFA�A,17855
CESE�A,17212
ESCARE�O,16892
CA�EDO,16635
DISE�OS,15885
PE�OLES,15169
PIZA�A,13186
PE�AFIEL,13029
TISCARE�O,12210
CARDE�A,12105
VILLICA�A,11764
BURGUE�O,11399
CA�AS,11012
CECE�A,10780
MONTA�A,10405
CHI�AS,10243
PE�ASCO,10019
OMA�A,9948
VIDA�A,9717
LI�AN,9375
A�ORVE,9210
SA�UDO,9140
TRASVI�A,8281
CASTA�OS,7605
DUE�EZ,7349
MASCARE�O,7199
PEQUE�O,7185
NI�OS,7080
CARCA�O,6734
RICA�O,6718
VI�EDOS,6624
PE�U,6611
�URI,6598
CATA�O,6091
SEDE�O,6056
SARI�ANA,6037
MARA�ON,5964
CASTA�O,5816
BA�ALES,5708
CURE�O,5585
LARRA�AGA,5559
O�ATE,5553
VALDEPE�A,5442
PE�AFLOR,5310
COSTE�A,5277
RIA�O,5210
CA�EZ,5133
LEA�OS,5072
CA�A,5027
MA�ON,4703
VICU�A,4661
NA�EZ,4577
PI�EIRO,4549
GENERACI�N,4506
SE�ORA,4488
IPI�A,4470
OCA�AS,4428
PI�UELAS,4361
VI�AS,4342
ESTUPI�AN,4299
SE�OR,4188
CAMPA�A,4163
GARC�A,4107
CAAMA�O,4044
PE�ATE,4031
MADUE�O,3949
MARTI�ON,3868
TUFI�O,3831
L�PEZ,3750
LE�ERO,3638
ALBA�IL,3636
GAVI�O,3589
PESTA�A,3579
PI�ERA,3479
BRE�A,3310
GARCIDUE�AS,3252
SAVI�ON,3207
GONZ�LEZ,3093
RETO�O,3084
SEA�EZ,3051
LUQUE�O,3042
MU�OS,2984
DO�A,2849
MARI�O,2824
P�REZ,2811
JES�S,2735
RODR�GUEZ,2673
S�NCHEZ,2655
GAVI�A,2559
I�IGO,2500
GL�CK,2490
SOLUCI�N,2478
RIBERE�A,2400
CAMA�O,2381
MARI�ELARENA,2378
DUE�ES,2343
BARE�O,2328
ESTA�OL,2323
CHORE�O,2322
AG�ERO,2277
ALBA�EZ,2183
ARG�ELLES,2174
SESE�A,2097
PEQUE�A,2038
ZARI�ANA,2034
BEGO�A,2025
COSTE�O,2020
CERME�O,2019
CA�AMAR,1993
VICENTE�O,1987
MAR�A,1986
MASCARE�AS,1981
VILLAFA�E,1981
RAM�REZ,1961
GUERE�A,1952
CA�AVERAL,1943
CERRITE�O,1867
CABA�A,1861
MI�ON,1849
VI�A,1842
MAGARI�O,1829
PE�ON,1824
ESPA�OLA,1795
ANTA�O,1715
EMISI�N,1651
PI�ONES,1635
EMPE�OS,1618
OLO�O,1583
URE�O,1583
ESPA�OL,1560
MARDUE�O,1554
BASA�EZ,1529
BA�AGA,1490
MU�OA,1451
OCA�O,1446
G�MEZ,1443
BA�O,1421
AGUI�A,1389
CA�ETE,1365
CASTA�ARES,1352
ANTU�ANO,1349
TUXPE�O,1344
PROA�O,1343
OAXAQUE�A,1335
SUE�OS,1321
ZA�UDO,1303
ZARI�AN,1303
CASA�AS,1291
CA�EROS,1289
CA�ERA,1289
D�A,1287
ARRA�AGA,1279
PI�EYRO,1275
CIGUE�ALES,1268
BA�UELAS,1249
BALI�O,1244
MADRUE�O,1237
CECE�AS,1215
CUTI�O,1212
CA�ADAS,1199
MADRILE�A,1189
PERIA�EZ,1187
PEQUE�OS,1183
CALDI�O,1179
PE�AFORT,1169
ORDO�ES,1149
MARFILE�O,1146
CONDICI�N,1133
CA�ONGO,1132
ARTI�O,1128
CARDE�O,1102
SIA�EZ,1099
CASTA�UELA,1096
G�NTNER,1086
GO�I,1085
JIM�NEZ,1064
PANAME�A,1060
PARDI�AS,1060
ENSUE�O,1053
VI�EDO,1040
DR�GER,1036
ORDU�EZ,1033
SERME�O,1020
DISE�ADORA,1019
PE�UELA,1017
I�AKI,1017
ELECTR�NICA,1007
RANCA�O,1006
JARALE�O,1005
URUE�A,1003
FANDI�O,999
LEA�O,998
CA�ON,995
V�ZQUEZ,995
PA�EDA,983
TIZCARE�O,963
DO�EZ,959
SCH�TZ,958
NI�EZ,954
ARG�ELLO,950
CHARQUE�O,949
D�AZ,949
PE�AMILLER,947
FERRI�O,939
YUCAT�N,937
CARTE�O,929
NORTE�O,921
M�RIDA,911
MOCI�O,910
CAMU�EZ,904
COSTE�OS,884
LE�A,875
SUE�O,874
TRASLAVI�A,868
ARGANDO�A,863
G�EMEZ,854
GABI�O,853
ABENDA�O,847
GUTI�RREZ,838
BRIE�O,821
DO�ATE,818
PARRE�A,815
PE�ALOSA,812
MU�ETON,811
SANTOVE�A,811
PE�ALVER,795
NORE�A,795
NU�ES,793
BRA�A,793
CH�VEZ,784
MARI�EZ,782
RECEPCI�N,777
PARRE�O,777
PE�ASQUITO,774
UMA�A,767
SACHI�AS,765
TABASQUE�A,761
PIZA�O,752
YA�ES,751
CORE�O,739
RUISE�OR,734
ISTME�A,732
MOCI�OS,724
DO�U,722
VENTE�O,714
BILING�E,710
MU�UZURI,707
JU�REZ,706
GUZM�N,696
CHAMPI�ONES,695
CA�IZARES,693
AVELDA�O,686
PI�ERO,683
INSTITUCI�N,678
NORO�A,676
MARITO�A,675
PA�OLA,673
NI�AS,672
TU�ON,671
VALGA�ON,669
PALME�O,667
BARRA�ON,665
MADUE�A,661
VILLAFA�EZ,653
LORO�A,649
GARANT�AS,647
LE�ADOR,641
CAMI�A,639
VILLACA�A,636
NORTE�A,636
DOM�NGUEZ,633
ALTE�O,630
GA�A,616
SANTIVA�EZ,611
RAME�O,606
LE�N,606
T�RK,598
BI�UELO,594
UVI�A,587
G�EMES,583
GUARE�O,582
G�TERMANN,581
ISLE�O,575
ORVA�ANOS,571
TAXQUE�A,571
DESPU�S,567
PARDI�O,558
MONTA�ES,557
PRESENTACI�N,555
RISUE�O,553
ALTE�A,551
EMPE�O,551
JATE�O,550
RUBI�OS,542
Y�IGUEZ,538
CA�IZALES,530
M�NDEZ,527
H�BILES,526
CABA�EZ,526
SE�ORIAL,526
ENDA�U,525
M�XICO,518
SOPE�A,517
EXIBICI�N,517
D�BITO,512
SU�IGA,508
OAXAQUE�O,506
MI�RCOLES,504
ROQUE�I,503
GABI�A,502
PE�AFLORES,491
MU�ETONES,488
LEGIDE�O,484
MU�OZCANO,484
MU�IZA,481
MONTA�AS,471
PE�ITA,470
L�MITE,465
IBA�ES,464
VIA�A,464
SECE�A,461
PEREZNU�EZ,456
JALAPE�A,451
CA�ETAS,449
PE�AS,448
ONTA�ON,448
PE�ALVA,445
PI�AN,442
TROITI�O,442
SE�ALES,440
C�SAR,439
CA�IZO,438
DUE�AZ,437
SE�AL,437
SE�ALIZACION,435
EUMA�A,435
VEL�ZQUEZ,434
G�ITRON,431
DIRECCI�N,428
SIG�ENZA,420
ALBELDA�O,415
IV�N,413
LI�ERO,413
ARO�A,412
PE�ITAS,412
SURE�AS,411
MARA�A,411
LONDO�O,410
REA�O,409
GRANDE�O,405
COMPA�IAS,404
SE�ALAMIENTOS,403
MAURI�O,400
ANDR�S,399
DUE�O,394
NI�A,394
CAMPI�A,392
QUINZA�OS,391
CARIBE�A,387
ESTA�ON,386
AZO�OS,382
D�RR,374
SU�ER,371
ALVA�IL,371
PILE�O,368
URU�UELA,367
FERN�NDEZ,361
ORDO�O,361
CARDE�AS,360
BALLE�O,360
A�AS,358
DO�ATES,356
GOMEZCA�A,355
ESTA�ADORA,355
ERA�A,354
IDU�ATE,354
ENSE�AT,352
H�CTOR,351
CALDER�N,351
BRASILE�O,349
YBA�EZ,349
PESTA�O,348
COMEZA�A,348
TORA�O,347
ARCE�O,346
MIDUE�O,344
ORDE�ANA,344
TACUBE�O,341
PI�AS,341
SE�ALAMIENTO,341
BECO�A,338
GASTELE�AS,337
ASCA�O,336
ZARE�ANA,334
SECE�AS,328
ADRI�N,324
P�LIZA,323
CERVI�O,322
MARO�O,317
DO�O,312
LING�ISTICO,309
VIDA�O,308
PE�ARAN,306
DO�AN,305
SOF�A,303
CA�IBE,302
RA�L,299
CRUCE�O,299
MERI�O,299
A�OS,297
M�RQUEZ,293
SEBASTI�N,293
MI�O,292
ESCA�UELA,291
COTO�ETO,291
RA�O,290
MOSI�O,290
VENTURE�O,287
ATLIXQUE�O,286
ROMA�A,285
BALGA�ON,283
DISE�ADORES,281
DA�OS,280
ALMAC�N,280
PI�ATARO,280
VALDEPE�AS,278
CATALU�A,278
BARAGA�O,277
ORDE�O,277
TECRUCE�O,273
CORT�S,272
ALEMA�Y,270
SABI�ON,270
EDUCACI�N,269
CARMI�A,265
ABELDA�O,264
CICE�A,264
RIQUE�O,262
EVALUACI�N,261
VIRUE�A,260
A�EZ,259
ALAZA�EZ,258
CORU�A,258
RIA�OS,258
LI�A,257
MEO�O,257
DA�INO,255
PE�ARANDA,254
M�LLER,254
SU�REZ,249
MINATITL�N,249
PI�ATA,249
CAZA�AS,248
PAZE�A,247
CONSTRUCCI�N,247
G�ERECA,247
BA�ON,246
ESTUPI�ON,246
CAMA�OS,246
M�XIMO,245
ARI�O,244
PARDI�A,244
MEJ�A,244
NORTE�ITA,243
PI�UELA,240
FARI�A,240
PASCUALE�O,239
U�ATE,238
G�EROS,238
TO�A,237
C�RDENAS,237
LI�AS,236
PI�EDA,236
LIA�O,235
TORRE�N,235
NORTE�AS,235
ANTU�A,234
DESEMPE�O,234
BARQUE�O,233
SAMPEDRE�O,232
GARRU�A,230
AUT�NOMA,229
GRA�A,227
DUR�N,227
SIGO�A,227
URBI�A,225
SUPERDO�A,225
V�CTOR,223
RI�ON,223
BRISE�AS,223
G�ERO,222
M�S,220
PI�AL,218
ADO�O,217
�A,217
GALV�N,217
I�ARRITU,217
MU�AN,216
MERCANC�A,215
TRASPE�A,214
PICA�AS,214
RAM�N,213
P�GUESE,212
ALTE�OS,211
REBOSE�O,211
BARRE�ADA,205
LOGRO�O,204
PISA�A,203
BOQUI�O,202
MU�ETONEZ,201
MART�N,201
AAR�N,200
KU�ASICH,200
ESPA�OLAS,200
VERSA�EZ,199
DO�ES,199
SO�ANES,198
MARQUE�O,198
PE�ARRIETA,196
N��EZ,195
BELTR�N,194
OAXAQUE�OS,192
BELE�O,192
LACHE�O,191
IBARG�EN,190
YPI�A,187
F�TIMA,186
CESE�AS,185
PE�ABRONCE,185
PA�ALES,185
ARRIBE�O,185
FARI�AS,182
PEA�A,181
SHESE�A,181
MOSI�OS,181
D�CK,180
MA�UECO,178
EXPORTDISE�O,178
TRILING�E,178
PA�UELITO,178
RU�Z,178
ESPA�OLES,178
G�ERE,177
ROSI�OL,177
MESE�O,176
UBI�A,176
SA�L,175
ALAZA�ES,175
CHILE�O,174
R�OS,173
ROM�N,173
MAR�N,172
VA�O,171
CADE�ANES,171
MA�ANA,171
MA�E,170
MU�IS,170
PADRE�AN,169
MURA�A,168
RA�A,168
QUECHULE�O,168
CA�ARTE,168
IVA�EZ,167
CORTE�O,167
BRASILE�A,166
LOMBRA�A,166
LORO�O,164
SE�ORIO,164
FARI�O,163
PE�AIRA,163
JULI�N,163
SALVA�O,163
SARDI�AS,162
PARDI�AZ,161
AGUI�ON,161
VI�OPLASTIC,160
BOLA�ITOS,160
NERVI�O,159
SURE�OS,158
G�IZADO,158
DO�AS,158
ERMITA�O,157
BO�AR,156
CHALQUE�O,155
BRITE�O,155
A�O,154
YESE�A,153
EST�MULOS,153
CAPTACI�N,152
DELEGACI�N,152
GARCIAPI�A,152
ESTEFAN�A,152
MENDA�O,152
BARR�N,152
RUDI�O,151
PE�ARROJA,150
MOURI�O,150
MI�ACA,149
CA�AVERALES,148
LUMBRA�A,148
CA�AMARES,148
ANG�IS,148
PISUE�A,147
GRI�ON,147
MA�A,146
MEMBRE�O,145
ESTUPI�A,145
VALI�O,144
VILLAFA�ET,144
SE�ORIOS,143
ALVELDA�O,143
SURE�O,143
ISTME�O,142
ABI�A,142
CHALPE�O,141
MONTA�ESA,141
RUB�N,140
SE�ORES,139
RIBERE�OS,139
ORIZABE�OS,138
VER�NICA,138
BEA�A,137
PANAME�O,137
XALAPE�O,136
REBOCE�O,136
HERMITA�O,135
AG�EROS,134
BOLA�O,134
JALAPE�OS,133
ALCALD�A,133
G�ENDOLYN,133
MU�OZLEDO,133
IRU�A,132
APLICACI�N,132
VALI�AS,132
VAQUERE�O,131
AM�RICA,131
PORTE�A,131
CHILHUAQUE�O,130
PEQUE�AS,130
RES�NDIZ,130
PELDA�OS,129
FABI�N,128
TABASQUE�OS,128
VIVA�OS,127
OSO�OS,127
I�AKY,127
NAVIDE�AS,126
CONCEPCI�N,125
SANTIBA�ES,125
MI�ANA,124
SUSA�A,124
PACHUQUE�O,124
OSO�OZ,124
VI�UELA,124
SARI�AN,123
DEP�SITO,123
CASTO�O,123
DISE�A,123
MAC�AS,123
CAPULE�O,123
TEQUILE�A,123
SUSTITUCI�N,122
GUADA�A,122
BENTE�O,122
SARE�ANA,122
PI�EIRA,120
CA�O,120
ARG�ERO,120
CUAUHT�MOC,120
VI�ALS,119
Z��IGA,119
MARI�A,119
ESPA�ITA,118
MADRO�O,118
GRU�ON,117
CAMU�AS,116
C�RDOVA,116
CHAVE�A,116
U�A,116
SOL�S,115
BEN�TEZ,115
GUARDER�A,115
MA�ANERO,115
F�LIX,114
ZOPE�A,114
ORA�EGUI,114
CIZA�A,113
OBREG�N,113
MUSI�O,112
DAMI�N,112
SERRITE�O,112
BRETA�A,112
IYA�EZ,112
CA�ABERAL,110
MA�EZ,110
BA�AGAS,110
CONDUE�OS,110
IKURRI�A,110
�EL,109
PERYA�EZ,109
FISCALES�ANTE,109
�SAT,109
M�NICA,109
BLA�HIR,108
BARRAG�N,108
BA�ALEZ,108
PE�ABLANCA,108
SERVI�O,108
MAGRI�A,107
GOMEZPE�A,107
I�AQUI,106
PEREA�EZ,106
BISUA�O,106
PE�ALONSO,106
T�V,106
GARMI�O,106
GALI�ANES,105
CISE�A,105
VI�AGA,105
ISLE�A,105
PEZA�A,104
ACEA�ES,104
PA�OL,104
RUBI�O,104
VERDE�A,104
VIDA�OS,104
CARIG�AN,104
CHAC�N,103
GALERE�A,103
ARI�AGA,103
UVAVI�A,102
CUTE�O,101
BELDA�O,101
TERRU�O,100
ORA�EGUIS,100
ZALDA�A,100
COA�A,100
PE�ALBA,100
T�LLEZ,100
ALARC�N,100
LUNE�A,99
FORTU�O,99
CARI�EN,99
SANTE�O,99
SANPEDRE�O,99
CARIBE�O,99
LUC�A,98
GUASAVE�O,98
CASTA�OL,98
CA�AVERA,97
MONDRAG�N,97
SARDI�A,97
BA�ARES,96
PEDRE�A,96
MONDO�O,95
PRESTACI�N,95
IBARG�ENGOITIA,95
AVEDA�O,95
ARSE�O,95
TO�O,93
CARME�O,93
PESTA�AS,93
N�M,93
MADRI�AN,93
EL�AS,93
ALA�A,93
ACOMPA�AMIENTO,92
SERVICA�A,92
MOIS�S,91
GRANADE�O,91
PICASE�O,91
CASTE�EDA,90
SURE�A,90
CODIFICACI�N,90
GUARE�A,90
SESE�AS,90
VI�EZ,90
CARPI�A,90
RIVERE�A,90
TOLUQUE�AS,89
BATALL�N,89
COPE�O,89
PORTE�O,89
MONCI�O,89
LEA�EZ,89
CE�AL,89
CA�IPA,89
TRANQUE�O,89
UCA�A,89
SU�E,88
MU�ER,88
CERDE�A,88
SO�ADOR,88
GUILL�N,88
ORT�Z,88
CARRE�N,87
L�ZARO,86
TRIVI�O,86
OUBI�A,85
CADE�ANEZ,85
AD�N,85
SAUTE�A,85
BASCU�AN,85
MUI�OS,85
LIMI�ANA,84
PELOT�N,84
TABASQUE�O,84
TRIGUE�A,84
CA�ADERO,84
MING�ER,84
BRASILE�OS,84
PE�AFOR,84
BRISE�A,84
REALE�O,83
CONSTRUDISE�OS,83
CALPE�O,83
PI�UELOS,83
HITANDEG�I,82
L�NEA,81
NURE�A,81
TE�IDOS,81
ZIZI�HO,81
CA�ONES,81
BA�EZ,81
S�D,81
REMISI�N,81
AVELDA�EZ,81
PE�ASCAL,80
PI�ARRIETA,80
LLA�EZ,80
MEL�NDEZ,80
GAYT�N,80
ORU�A,79
COMPA�ERISMO,79
T�CNICO,79
B�RCENAS,79
ENR�QUEZ,79
BAZA�EZ,78
SICE�A,78
PI�EIRUA,78
IMPLEMENTACI�N,78
PACHUQUE�OS,78
SO�ANEZ,77
MARTE�O,77
BA�AREZ,77
I�ESTA,77
MU�ECAS,76
LIM�N,76
DIEGUE�O,76
CER�N,76
CA�I,76
AGUST�N,75
D�VILA,75
CA�EDA,75
COSTE�IZATE,75
L�TTIG,75
ZARCE�O,75
DA�IEL,74
SALDI�A,74
NICOL�S,73
V�SQUEZ,73
MOR�N,73
Y�IGO,73
ADM�N,73
CECE�O,72
ELEVE�O,71
REA�OS,71
PE�ATO,71
ROC�O,71
BEL�N,71
COSTE�ITO,71
MU�OHIERRO,70
ORTE�O,70
ECON�MICO,70
BRIZE�O,70
SANTILL�N,70
NARI�O,70
A�ORBE,69
TEG�I,69
ACEPTACI�N,69
LA�ADO,69
ESPETU�AL,69
COL�N,68
ROBRE�O,68
ALADUE�A,68
TECOM�N,68
DA�U,68
G�ENTELLA,68
ADQUISICI�N,68
AMOZOQUE�O,67
PERI�ON,67
P�BLICA,67
KA�ETAS,67
ZIZA�A,67
CICE�O,67
ALVA�EZ,66
ESPITU�AL,66
CRIST�BAL,66
OROPI�A,66
VINCULACI�N,65
PE�ASCOS,65
ZUETA�A,65
SERGI�O,65
FELE�OS,65
BARTOLE�O,65
VELDA�EZ,64
TAMPIQUE�OS,64
ANDURI�A,63
SANMARQUE�A,63
FR�AS,63
TRISTE�O,63
SALDI�AS,63
CASTA�AS,63
CONCHE�O,63
LUMBRA�O,62
SE�ALETICAS,62
ARAG�N,62
MURI�O,62
VALD�S,62
RASC�N,62
RINC�N,61
ANTO�O,61
TO�ITA,61
CHENTE�OS,61
JAIRSHI�O,61
PI�ONEZ,61
SCH�ADOWER,61
PERPI�A,60
GUDI�OS,60
T�TULOS,60
ABELDA�EZ,60
ORDE�A,60
ALTE�AS,60
ORO�A,60
ALC�NTARA,60
N�JERA,60
CASPE�A,59
VALMA�A,59
TU�AS,59
SALBA�O,59
BEDRI�ANA,59
DEAG�EROS,59
LICITACI�N,59
JOAQU�N,59
SANTAMARI�A,58
I�ARRA,58
ARRU�ADA,58
AR�VALO,58
COCA�O,58
ART�CULO,57
RA�ON,57
EGA�A,57
S�ENZ,57
BRE�AS,57
M�X,57
BALDEPE�A,57
MEAVEPE�A,57
EDI�O,57
HAMPSHIRESANTIBA�EZ,56
RODRIGUEZMU�OZ,56
I�IGUES,56
ARMEND�RIZ,56
PE�AROJA,55
OUVI�A,55
CA�ERO,55
VI�OLAS,55
BOQUE�A,55
REQUE�O,55
ESCA�UELAS,55
MULTISE�AL,55
ESC�RCEGA,55
SALDA�O,54
ARRIGUE�O,54
FILOL�GICAS,54
G�LVEZ,54
ALDA�A,54
VI�EGAS,54
PEQUE�ITA,54
COMPA�EROS,54
REND�N,53
ATENCI�N,53
PER�Z,53
CURE�A,53
PI�EROS,53
CASA�A,53
REHABILITACI�N,53
MOA�A,53
MERO�O,53
QUITE�O,53
BENJAM�N,53
SE�AS,53
VILLAG�MEZ,52
VIDA�EZ,52
AVIL�S,52
VI�ALES,52
PEZTA�A,52
POLIC�A,52
ZEDE�O,52
TEMIXQUE�O,52
MA�OS,51
G�IDO,51
MOCI�OZ,51
CONDONACI�N,51
COMUNDE�OS,51
PE�AGUIRRE,51
LURUE�A,51
ALEM�N,51
CENTE�O,51
ZE�A,51
GO�Y,50
CA�AL,50
DEVU�LVASE,50
RENTER�A,50
C�BRESE,50
ISTME�OS,50
VI�E,50
EPIFA�O,49
TULTITL�N,49
JAG�EY,49
AZCA�O,49
CASCARI�A,49
OPTIDISE�O,49
BRA�AS,49
RELACI�N,49
G�NGORA,49
ORME�O,49
PITIQUE�OS,49
COUSI�O,48
RESCA�O,48
VALENT�N,48
BILING�ES,48
C�DIGO,48
J�RGEN,48
GARAPI�ADOS,48
LAMU�O,48
ARTI�ANO,48
SE�ARQ,48
G�ENDULAIN,48
DISE�ARTE,48
LE�O,47
PROTECCI�N,47
VIA�EZ,47
MURE�O,47
CAMPI�O,47
G�NESIS,46
NUXA�O,46
GRA�EN,46
YVA�EZ,46
ACLIXQUE�O,46
CARI�ITO,46
ESCARRE�O,46
TOM�S,46
LABA�INO,46
MANR�QUEZ,46
Z�RATE,46
VILARI�O,46
MEO�OS,46
MOGO�E,46
SA�EZ,46
PERE�A,45
ACE�A,45
PEREZPE�A,45
JA�AS,45
EXVI�EDOS,45
DAR�O,45
TECNOL�GICO,45
ACORU�A,45
ALBI�O,45
PI��N,45
MEZTE�O,45
JAIRZI�HO,45
TEPEQUE�O,45
GARBI�E,45
MI�A,44
PARA�O,44
CA�ALS,44
CARCA�A,44
TENANGUE�O,44
DUE�A,44
MULTILING�E,44
SIM�N,44
VERCA�AMOR,44
IN�S,44
TAQUI�OS,44
TORU�O,44
SE�ALETICA,44
ALCA�A,44
DISE�ADOS,44
COORDINACI�N,44
MARMA�A,44
GIR�N,44
CA�ITA,44
CHAVARR�A,44
DA�O,44
CATA�EDA,44
TR�MITES,43
SUGRA�ES,43
CHANTE�O,43
EFRA�N,43
ASCA�IO,43
CAVA�AS,43
CATAVI�A,43
CASCADI�A,43
VIVA�O,43
ISA�AS,43
GARANT�A,43
KURIBRE�A,43
BR�CKNER,43
CALCA�O,42
PE�AGRANDE,42
FACTURACI�N,42
ESTABILIZACI�N,42
CASTI�EIRA,42
ORD��EZ,42
JER�NIMO,42
NA�ES,42
CRUSE�O,41
GOD�NEZ,41
FLA�O,41
MUI�O,41
LO�A,41
SANTIVA�ES,40
BERM�DEZ,40
PADR�N,40
CHEG�E,40
PERFIDISE�OS,40
A�OVEROS,40
ESPI�EIRO,40
MARISKE�A,40
SOL�RZANO,40
PE�ANEGRA,40
TLAXQUE�O,40
YAZM�N,40
ACAPULQUE�OS,39
CAUTI�O,39
O�A,39
BENDA�A,39
BL�HEN,39
NARV�EZ,39
VALLE�O,39
CANC�N,39
LUISI�O,39
OPERACI�N,39
CARLE�O,39
SUZA�A,39
HUICHAPE�O,38
LAVI�A,38
IND�GENA,38
GARDE�A,38
OTO�EL,38
G�EREQUE,38
GORVE�A,38
GORRI�O,38
ALBA�ILERIA,37
A�ADIDOS,37
D�NNCOMERCIAL,37
CAZTA�EDA,37
COFI�O,37
OPE�O,37
CARPI�O,37
CASTA�AREZ,37
TING�INDIN,37
MU�OZABA,37
PERIA�ES,37
SANLUISE�O,37
COZUMELE�O,37
ORIZABE�A,36
DURANGUE�O,36
TLAXIAQUE�A,36
DIFUSI�N,36
CASTA�ER,36
CA�ARES,36
VIDUE�O,36
BARA�ANO,36
ALDU�EZ,36
CONSTRUSUE�A,36
JAIRZI�O,36
ESPI�EIRA,36
VECO�A,36
ARMI�O,36
LASA�A,36
A�EL,35
CUSQUE�A,35
MOTI�O,35
CASTA�A,35
DIVISI�N,35
PU�O,35
COU�AGO,35
PLOBA�OS,35
FERREBA�OS,35
GERM�N,35
AGUILL�N,35
BRAGA�A,34
REBA�O,34
PR�XIMO,34
MALAG�N,34
USA�O,34
PE�O,34
VELARDE�A,34
TLALPE�A,34
COCORE�A,34
MAZCARE�O,34
IG�AKI,34
CASTORE�O,34
B�EZ,34
PI�OL,34
MA�AS,34
ESPU�ES,34
SERV�N,34
BOLA�OZ,34
CA�ATE,33
ANTO�IO,33
CA�UELAS,33
UNIDISE�O,33
SE�KOWSKI,33
CA�ITAS,33
ARTA�AN,33
PILO�A,33
TERRU�OS,33
NI�ODAGUIA,33
JA�IL,33
SALOM�N,33
GASTA�AGA,33
COTIZACI�N,33
GORBE�A,33
ECHEVERR�A,32
A�ADIDO,32
SU�OL,32
VERZA�EZ,32
PE�ALTA,32
LAG�I,32
SANTOSBE�A,32
PUNTE�O,32
OLGU�N,32
MARYTO�A,32
M�A,32
CA�IBANO,32
NARI�AN,32
TOLUQUE�A,32
ARA�O,32
F�SICA,32
G�ENDOLIN,32
CASTA�EDAS,32
SUENI�OS,32
MAT�AS,32
ZAPI�A,32
SAUCE�O,31
BA�ULS,31
TER�N,31
I�URRIA,31
V�LEZ,31
R�STUNGSFIRMA,31
MAZATE�O,31
CARMI�IA,31
TAGUE�A,31
OTA�O,31
DISTRIBUCI�N,31
CALVI�O,31
EDI�HO,31
YDU�ATE,31
BALAG�ER,31
D�SSELDORF,31
VEL�SQUEZ,30
�EZ,30
LOPECEDE�O,30
ARISTIMU�O,30
RISUE�OS,30
N�STOR,30
MA�ANIN,30
GUARACHE�A,30
SARCE�O,30
MARROQU�N,30
PRUA�O,30
MILDISE�OS,30
PARAISE�O,30
CAMPA�AS,30
CHI�A,30
ORDU�ES,30
CERRETE�O,30
LUJ�N,30
CABALLER�A,30
FALC�N,30
SALMER�N,30
GARCIAPE�A,29
ERMI�O,29
O�EZ,29
PAZMI�O,29
EKHI�E,29
CERDE�O,29
LOP�Z,29
GUIA�EZ,29
CASTI�EYRA,29
B�RBARA,29
CASTEL�N,29
AGUIRRE�A,29
ARA�A,29
ZACAR�AS,29
LING�ISTICA,29
OLA�ETA,29
RINCONE�O,28
G�ITIAN,28
GA�EZ,28
ALBE�O,28
MI�AN,28
CHARME�O,28
IDENTIFICACI�N,28
NEV�REZ,28
CA�ELLAS,28
BAG�ES,28
PING�I,28
ACAD�MICOS,28
G2DISE�O,28
PE�AVERA,28
EURODISE�O,28
N�8,28
CADI�ANOS,28
OTO�O,28
CIA�EZ,28
PE�ACORADA,28
VILLFA�A,28
ZAPACU�A,27
SER�N,27
M�GGENBURG,27
CA�ES,27
ME�O,27
MI�E,27
JALAPE�O,27
ARRI�AGA,27
ENGRO�AT,27
G�ICHO,27
H�ROES,27
TURUE�O,27
PEQUENI�OS,27
RIQUE�A,27
BIZUA�O,27
SEP�LVEDA,27
ERMITA�A,26
PE�AILILLO,26
ACEA�EZ,26
DAGDUGMONTA�EZ,26
ORODO�EZ,26
INFORMACI�N,26
ARROYE�OS,26
TECNODISE�O,26
CU�A,26
PAVISE�ALES,26
DELI�O,26
MARISTME�A,26
C�ZARES,26
PI�ANGO,26
JU�OR,26
BA�OMOBIL,26
TECNOL�GICA,26
BOJ�RQUEZ,26
EFR�N,26
C�RDOBA,26
MEDIACI�N,26
PI�EIROS,26
OTA�ES,26
BA�OZ,26
R�O,26
ZAMORE�A,26
COMPA�ERO,26
CU�ADO,26
CORROVI�A,26
RAMS�S,26
PADRI�AN,26
GONZALEZNU�EZ,26
CA�IZALEZ,26
MO�OZ,26
LE�EROS,26
AU�ON,25
PE�ARRUBIA,25
ZAPE�ASCO,25
COMESA�A,25
LUI�A,25
VIDA�AS,25
SOCORRE�A,25
S�MANO,25
BR�DER,25
CA�AGAS,25
VI�ECOM,25
SECRETAR�A,25
AVENDA��O,25
MIG�ON,25
M�LTIPLE,25
MONTA�ITAS,25
REVISI�N,25
COCU�AME,25
MU�ANA,25
CARPE�A,25
ENSE�A,25
ECONOM�A,25
DAVI�A,25
ENV�O,25
CAMALE�O,25
CORTI�AS,25
SO�A,25
KARMI�A,25
PRECISI�N,24
SEG�N,24
VICU�O,24
MILL�N,24
GASPARE�O,24
CREACI�N,24
TORRE�A,24
CONSERVACI�N,24
HOLGU�N,24
N�ZHET,24
C�MARA,24
CAZA�AZ,24
DISE�ANDO,24
ALEGR�A,24
P�EZ,24
BENTURI�O,24
D�VALOS,24
ARG�ESO,24
HERN�N,24
CONSIGNACI�N,24
SERI�A,24
M�DICO,24
AVI�OA,24
BOGMU�OZ,24
PROA�OS,24
SALDA�AS,24
G�ERITOS,24
REPOSICI�N,24
PORRI�O,24
EXPROPIACI�N,24
SANTANE�O,24
ASUNCI�N,24
GARNI�O,23
MA�ANIM,23
YBA�ES,23
MICA�A,23
DONACI�N,23
Y��EZ,23
URDI�OLA,23
QUI�O,23
CANCELI�OS,23
ECODISE�OS,23
M�DICA,23
ECODISE�O,23
APANGUE�O,23
CASTA�AR,23
CASTELLA�OS,23
PACE�ITO,23
I�EGUEZ,23
HOR�N,23
SO�ALES,22
CA�IL,22
PORTELI�A,22
ARPI�O,22
VILLACA�AS,22
G�NTER,22
AG�ERA,22
VA�UELOS,22
CANTE�S,22
H�PFL,22
PRETE�IDAS,22
LUDE�A,22
SEA�ES,22
MU�UZ,22
PREVENCI�N,22
IRA�ETA,22
NAVIDE�O,22
CARI�ETA,22
ALC�NTAR,22
RAME�OS,22
TREBI�O,22
PINZ�N,22
GARA�A,22
M�SICA,22
SCH�TZE,22
TA�O,22
PE�ALES,22
SO�AR,22
ARGE�AL,22
CAMI�N,21
CU�LLAR,21
IGUI�IZ,21
DESENGA�O,21
CASTA�EIRAS,21
AVELDA�ES,21
SE�ORIZ,21
MI�ARRO,21
TA�A,21
G�NTHER,21
PROPIA�O,21
J�UREGUI,21
PE�AMAR,21
SE�ALANDIA,21
CAFETER�A,21
FEDI�AN,21
ENRIQUE�O,21
ORDO�A,21
ESTUPI�AL,21
PATR�N,21
MI�AUR,21
ZARAZ�A,21
BALMA�A,21
VI�ANUEVA,21
GONZAL�Z,21
CAMA�EZ,21
COVI�A,21
DO�ANA,21
TRASLAVI�O,21
ORDO�ANA,21
BAZ�N,21
PE�AHERRERA,21
MA�ANITAS,21
I�IESTA,20
SCH�TTE,20
INGENIER�A,20
ENDO�U,20
VESTINI�A,20
ME�OS,20
MU�IVE,20
CONSTRUDISE�O,20
DU�ALDS,20
LI�EIRO,20
FERM�N,20
BUDI�O,20
MU�EQUITA,20
AVANPI�A,20
TRIST�N,20
FISCALE�O,20
MAGALL�N,20
XALAPE�A,20
CAI�A,20
MUNGU�A,20
SE�ALIZACIONES,20
ZAMARR�N,20
SE�ALMEX,20
HERRE�O,20
CARRE�A,20
PE�AFRIA,20
BURGE�O,19
TEOTIHUAC�N,19
TRANSVI�A,19
SIRE�A,19
ALMAZ�N,19
OAXAQUE�AS,19
BARQUE�AS,19
MESTE�O,19
DI�IGUEZ,19
MARI�ES,19
ALBI�ANA,19
CESE�O,19
SURUA�EZ,19
ENCARNACI�N,19
CALA�A,19
MANT�CORA,19
PARDI�EZ,19
SI�IGO,19
ANTO�ETA,19
COSI�A,19
ILLA�EZ,19
BA�ES,19
JARZI�HO,19
VESU�A,19
GARCI�A,19
CASTA��N,19
CA�IVE,19
JIMEN�Z,19
CASTA�EDO,19
INFANTER�A,19
COMISI�N,19
CA�IZAREZ,19
MEDELL�N,19
CASTA�UELAS,19
MARTIG�ON,19
K�CHEN,19
WONG�IS,19
GRAI�O,19
CANCELACI�N,19
SATE�A,19
G�ICOZA,19
MAGARI�OS,19
MAGA�AS,18
BORGO�ON,18
SISE�A,18
CASTREJ�N,18
TRASBI�A,18
URDA�EZ,18
PAY�N,18
PROHA�O,18
PE�ALBER,18
BAIL�N,18
RODRI�GUEZ,18
DO�AZ,18
ROLD�N,18
A�REA,18
PATI�A,18
QUER�TARO,18
MIGRI�O,18
ADJUDICACI�N,18
SOTOBA�ADO,18
KARI�HO,18
ACAPULQUE�A,18
BA�S,18
V�A,18
YECE�A,18
CA�AZ,18
RIBERE�O,18
SERRETE�O,18
T�CNICA,18
J�RAND,18
F�GUEMANN,18
BICU�A,18
MOZOPE�A,18
C�MPUTO,18
MONSE�OR,18
ZUMBE�O,18
GAL�N,18
BILLASE�OR,18
Y�IGUES,18
MARDO�O,18
CIG�E,18
GAMI�IO,18
MU�ECA,18
SE�ORIALES,18
RIZUE�O,18
GR�NBERG,18
ERREHMU�OZ,18
ENDA�O,18
MAGA�ES,18
ERSE�OZ,18
PI�AR,18
CHEG�ES,17
BIBA�O,17
MO�ET,17
SANTAMAR�A,17
BUSQUE�O,17
FERREPE�A,17
UNIVERSIT�TSKLINIKUM,17
SO�ADORA,17
SOLO�O,17
LIZ�RRAGA,17
SACHI�A,17
SCHORE�OH,17
TRAUMATOLOG�A,17
ACAD�MICA,17
BOLO�A,17
FISIOLOG�A,17
MONZ�N,17
P�RAMO,17
VI�OLO,17
HONTA�ON,17
ESTA�O,17
BU�UEL,17
LING�ISTICOS,17
CASAG�ON,17
PAULI�O,17
CASTA�OLA,17
PO�OS,17
TEMISQUE�O,17
IVA�ES,17
COMPA�Y,17
MACEDO�A,17
GADA�ON,17
ISLE�OS,17
FESTINI�OS,17
10D�AS,17
MURGU�A,17
IBARG�ENGOYTIA,16
CORRECCI�N,16
ALIMENTACI�N,16
I�IQUEZ,16
REQUISICI�N,16
TECNOBA�OS,16
G�NDARA,16
READAPTACI�N,16
ALC�ZAR,16
BARAGA�A,16
PARAISE�OS,16
LIQUIDA��O,16
CULIAC�N,16
GEN�RICO,16
GRI�AN,16
PAULE�O,16
TAMPIQUE�A,16
CE�ERA,16
CA�ONEZ,16
ARI�EZ,16
MOSOPE�A,16
GARA�ONES,16
BALI�OS,16
ERE�A,16
PE�OLITO,16
BUTRAGUE�O,16
ART�CULOS,16
MU�ECO,16
AGROCA�AVERALES,16
ALBARR�N,16
D�NNPHARMA,15
CAMU�ES,15
BRI�EZ,15
RETO�OS,15
ESPECT�CULOS,15
LE�ATEROS,15
HOTO�EL,15
ESCA�O,15
PI�ATAS,15
MONTA�ANA,15
LAVI�O,15
EXTRA�O,15
VI�AO,15
MOSI�OZ,15
PE�ALUER,15
VALLARTE�O,15
BARA�A,15
VI�EIRA,15
�ERE,15
GER�NIMO,15
PERIF�RICOS,15
MULTIDISE�OS,15
LUISHI�O,15
KE�A,15
LEA�IZ,15
ROJE�A,15
JESSE�A,15
MORE�O,15
JARE�O,15
INTERLING�ISTICO,15
PINTE�O,14
MUZI�O,14
REGI�N,14
OPTIMIZACI�N,14
ORGANIZACI�N,14
TERMINACI�N,14
Y�PEZ,14
SAMUI�O,14
KANCA�A,14
GATE�O,14
GARGA�ITIS,14
ANI�UU,14
REVOLUCI�N,14
CIG�ENZA,14
AMPLIACI�N,14
KARY�O,14
CANDAME�A,14
OL�N,14
AG�ITA,14
TUNG�I,14
BRI�AS,14
CA�AMO,14
CHAV�Z,14
AVERTA�O,14
INVESTIGACI�N,14
MARTI�NEZ,14
QUINZI�O,14
BENTURE�O,14
HUATUSQUE�OS,14
LEJIDE�O,14
RAZ�N,14
BERSA�EZ,14
ADECUACI�N,14
GOM�Z,14
I�AR,14
I�ARRITO,14
IB��EZ,14
YAG�ES,14
P�B,14
CABA�AZ,14
AG�EDA,14
VILLACE�OR,14
AGU�AGA,14
MAG�INA,14
HERREJ�N,14
SALD�VAR,14
NICARAG�ENSE,14
PEDIATR�A,14
PAV�N,14
GRE�ITAS,14
CHICH�N,13
I�IGA,13
CARRAMI�ANA,13
TRIVI�OS,13
JERSI�HIO,13
COTO�IETO,13
PI�ERES,13
ZO�ANEZ,13
PEL�EZ,13
GUASAVE�A,13
JA�EZ,13
ZUZA�A,13
ILVE�O,13
PI�IAN,13
MU�U,13
RIVE�A,13
TOB�N,13
CHA�ICUEN,13
GO�E,13
VISENTE�O,13
INTERDISE�O,13
FORMA�UK,13
OTH�N,13
PA�IAGUA,13
M�HETS,13
CHOIXE�OS,13
YEZE�A,13
NU�IZ,13
TRAVI�O,13
G�BEL,13
GIBR�N,13
PEQUE�IN,13
GARZ�N,13
HERNAND�Z,13
G�IDMAN,13
LISE�A,13
AGUI�EGA,13
ORE�A,13
BLACE�O,13
H�TTICH,13
HIP�LITO,13
VI�EGRA,13
ODO�A,13
ANTO�ITA,13
RIVERE�OS,13
ARREGU�N,13
TO�OALEXIS,13
YA�IAK,13
HERMI�ITA,13
CEZE�A,13
ORA�EGUES,13
ILBE�O,13
ANTILL�N,13
BIE�KO,13
DISE�ADA,13
YHAIRSI�O,13
BARRANQUE�O,13
MU�OSCANO,13
ALPA�ES,13
X�CHITL,13
AZO�OZ,13
COUTI�IO,13
BA�EROS,13
J�QUEZ,13
EDYH�O,13
MUCI�OS,13
HERMI�A,13
ITA�UU,13
EURE�A,13
CA�ESTRO,13
BA�UELO,13
RCASTA�EDA,13
YETZE�A,13
M�NZEL,13
PAROA�O,13
ORDA�EZ,13
ORVI�A,13
ENDEMA�O,13
LIA�OS,13
NARANJE�A,13
GRICE�A,13
DISE�ARTICA,13
ATENGUE�O,13
SECCI�N,12
LEOVA�E,12
CAMU�O,12
SAU�E,12
YESSE�A,12
PER�ODO,12
PERIF�RICO,12
AMORTIZACI�N,12
ENSUE�OS,12
VILLAL�N,12
JORD�N,12
ENSE�ANZAS,12
CA�ETA,12
INVITACI�N,12
AMAGUA�A,12
JOAOSI�O,12
VA�ALES,12
ANG�IZ,12
EGUI�O,12
CRUZE�O,12
CATAL�N,12
SAG�EZ,12
ACTIPE�A,12
GL�CKSKIND,12
ALBA�ILES,12
GARC�S,12
I�IGES,12
FEDERACI�N,12
MONTA�ON,12
TH�RMER,12
RAY�N,12
LESI�SKA,12
BIBE�A,12
REDISE�O,12
A�UEZ,12
G�IRIZA,12
GUTIERR�Z,12
BORGO�A,12
19�09,12
BRICE�A,12
ALPE�ASA,12
MU��Z,12
BA�UL,12
G�ENDALY,12
AJALCRI�A,12
VRISE�O,12
ROSE�O,12
TREVI�OS,12
FINCA�A,12
SA�A,12
TESCARE�O,12
QUI�ON,12
I�A,12
FAR�AS,12
SUBDIRECCI�N,12
DOMPE�O,12
C�CERES,12
ZERCI�O,12
VIRGI�A,12
BLASE�O,12
LAMORE�A,12
G�ILLO,12
FUENTE�O,12
VIR�EZ,12
WISH�ACK,12
TERRACE�O,12
CURACI�N,12
ARTAG�AN,12
ZUXA�A,12
LUDUE�A,12
ANTIG�EDADES,12
AGUI�ADA,12
ENEDI�O,12
ADMINISTRACI�N,12
COPTI�O,12
PEZT�A,12
G�IZAR,12
FA�A,12
ABELDA�ES,12
AL�N,12
ELEBE�O,12
SAI�Z,12
BARREALE�O,12
HORTE�O,12
QU�ONES,12
BEHTA�A,12
BIBA�OS,12
ZU�EGA,12
TANDI�O,12
XU�U,12
BEGO�E,12
PA�AFOR,12
CASA�EJA,12
COMPA�ET,12
TUXPE�A,12
BERISTA�E,12
SUE�A,12
CAZA�A,12
R�TTER,12
PARRALE�O,12
SAPI�A,12
G�IDA,12
ANG�ES,12
VILLASA�A,12
GONZ�LES,12
CA�OS,12
MU�UA,11
GIJ�N,11
NU�ER,11
IGARTE�O,11
F�RSTER,11
TROTASUE�OS,11
LIC�N,11
DEVOLUCI�N,11
CAMPI�AS,11
�URE,11
YASM�N,11
KARA�ICAS,11
CA�OLES,11
CORT�Z,11
WRE�A,11
ROSAL�A,11
MON�RREZ,11
SE�ALINE,11
ANT�NEZ,11
VILLAGR�N,11
S�NCER,11
NEONATOLOG�A,11
GARRAMU�O,11
BAT�N,11
BU�A,11
CA�ENGUEZ,11
JAIRZHI�O,11
CARI�AN,11
ARGUI�E,11
C�LULA,11
U�AS,11
GATU�ALES,11
BIZALU�A,11
GRE�AS,11
PASE�O,11
MOTA�O,11
CUATEGUERE�A,11
KANT�N,11
BR�CKEN,11
BOL�VAR,11
PI�UELO,11
M�BLEX,11
FIA�O,11
ESCAND�N,11
VISO�E,11
OMA�ON,11
SE�ORITA,11
VI�OL,11
AGRODISE�OS,11
ZURI�E,11
TRASVI�O,11
SE�ALESA,11
RUBI�OZ,11
BIBI�E,11
MA��N,10
D�LARES,10
ARG�ELLEZ,10
EU�N,10
NORTE�OS,10
YUNU�N,10
ME�ESTOS,10
ACAD�MICO,10
TORIBE�O,10
D�BORA,10
EJ�RCITO,10
CRIS�STOMO,10
SE�UELO,10
VERD�N,10
VI�ATEROS,10
OCO�A,10
CALIFORNE�A,10
TAMPIQUE�O,10
TO�IFEL,10
KA�EZ,10
ABD�N,10
PIRA�A,10
TODOSANTE�A,10
CORPE�O,10
YLLA�IS,10
SALDA�AR,10
TO�OS,10
PA�O,10
CA�AK,10
PIC�N,10
MONTA�OS,10
CA�ARETE,10
LA�AS,10
INNOVACI�N,10
MONTELBE�A,10
DESE�OS,10
REPARACI�N,10
TE�IDO,10
T�REN,10
VICU�OL,10
RIG�ACK,10
M�NCH,10
COSTE�AS,10
CR�DTIO,10
ANTIG�A,10
NUMERO�DE,10
�FIANZA,10
OREG�N,10
ESC�RGENA,10
SO�ARTE,10
DISE�AIDEA,10
ZU�IGAS,10
SE�EROS,10
YA�IN,10
RONALDI�O,10
GERONTOL�GICO,10
JUQUILE�O,10
NU�OZ,10
FARF�N,10
MARDO�A,10
TEC�MAC,10
ORA�EZ,10
COCHI�ERA,9
NORTE�ISIMA,9
PIEDRE�A,9
TEPIQUE�AS,9
CORPORACI�N,9
CARIBE�OS,9
DISE�AR,9
VITRODISE�O,9
PANTALE�N,9
JUANANTO�O,9
GRDU�O,9
REJ�N,9
NA�ELY,9
OFIDISE�O,9
H�AH,9
ENGA�O,9
CIGUE�A,9
MEIRI�O,9
P�PALO,9
AGRONOM�A,9
M�HLBAUER,9
SE�ALPROYECT,9
B�LLE,9
SERVIEMPE�A,9
JUR�DICAS,9
EL�SEO,9
GONZA�EZ,9
BISCALE�O,9
ENSE�APRENDE,9
PAT�O,9
CABI�HO,9
BERT�N,9
�U,9
TUXQUE�A,9
POLIDISE�O,9
FERRE�O,9
MARE�Y,9
MU�E,9
BOCAMI�O,9
AGI�AGA,9
EJECUCI�N,9
VALI�A,9
G�C,9
VILLAFA�IA,9
SE�ALIZA,9
JAIRZIH�O,9
GR�NES,9
S�CHEZ,9
MONTAG�ER,9
AGROALTE�A,9
COITI�O,9
�ES,9
RIA�AS,9
NAH�M,9
VISCALE�O,9
MARI�HO,9
AGUI�EAGA,9
HEN�NDEZ,9
DISE�ADOR,9
IGARTE�A,9
OCTODISE�O,9
REP�BLICA,9
ECOALTE�A,9
PI�AMEX,9
GARCIACABA�EZ,9
V�LDEZ,9
PICE�O,9
ARAG�EL,9
VILLASE�OSR,8
NIME�O,8
MIO�O,8
BUITR�N,8
GL�MMER,8
MEN�NDEZ,8
MARQUE�A,8
PUBLISE�ALES,8
AVANDA�O,8
PA�S,8
CHALPE�A,8
ZAGUI�O,8
GALD�MEZ,8
ALE�A,8
BU�UELOS,8
BAJ�O,8
HERNA�NDEZ,8
GALAV�Z,8
AUTORIZACI�N,8
G�NZALEZ,8
VALIDACI�N,8
MEDUE�A,8
B�JAR,8
YVETRASON�S,8
PA�AMEX,8
TABASKE�ITA,8
ZU�GA,8
NI�ONAUTAS,8
CIGUE�O,8
AT�N,8
NU�IEZ,8
SANTIABA�EZ,8
T�RMINOS,8
CABE�A,8
MANCE�IDO,8
XO�IJUMU,8
CADE�ALES,8
LU�VANO,8
I�URRATEGUI,8
MU�IAN,8
PAV�A,8
RUISE�ORES,8
CUAHUT�MOC,8
ZECE�A,8
GUA�UNA,8
SCH�LER,8
CABA�ERO,8
�HERN,8
ER�NDIRA,8
VI�AMATA,8
BARRE�A,8
SE�ALETIKA,8
ANTIOQUE�A,8
HUITR�N,8
M�RIAM,8
PE�ATES,8
MU�ANTE,8
PUERTE�A,8
ASOCIACI�N,8
DA�HU,8
PERIBA�EZ,8
IR�N,8
ALAN�S,8
GONZALE�A,8
PILATU�A,8
MARB�N,8
CASTA�OZ,8
LADR�N,8
B�SICO,8
�NDEZ,8
LU�S,8
ACOMPA�AMIENTOS,8
SANTIB��EZ,8
QU�MICA,8
G�EY,7
HIGI�O,7
DESIR�E,7
KARRE�O,7
AVENIDA�O,7
OTO�IEL,7
BAZALD�A,7
BIOM�DICA,7
ANTO�ITO,7
IVA�N,7
SESA�AS,7
ORTA�O,7
TO�ITO,7
GYV�ES,7
ENSE�AR,7
TOB�AS,7
NE�EZ,7
GO�EZ,7
SE�ORITO,7
SANTONI�O,7
MANTA�O,7
BERSA�ES,7
MARSE�ACH,7
GAST�LUM,7
OTU�O,7
SCHR�DER,7
VI�ALLONGA,7
CAZA�EZ,7
RONZ�N,7
NAVIDE�OS,7
CAR�CTER,7
DEFINICI�N,7
PARASE�A,7
PROMARA�ON,7
ALZA�EZ,7
ANTU�EZ,7
CAASTA�ON,7
MANDRI�ATL,7
GUERRE�A,7
BRET�N,7
AM�ZQUITA,7
HORTU�O,7
SERAF�N,7
YE�EZ,7
INSTALACI�N,7
VIZCA�NO,7
ORLANDI�O,7
PE�ASQUITOS,7
INCORPORACI�N,7
EURODISE�OS,7
AGUI�IAGA,7
SILV�N,7
AGGAMCA�A,7
MENDIZ�BAL,7
ORDU�OS,7
BJ�RN,7
PEDRICE�A,7
SURI�ACH,7
CAI�AS,7
G�ITIME,7
TOLE�O,7
Y�AKI,7
DISE�ADURIA,7
DA�ESTA,7
CHAVI�A,7
ERG�IN,7
BU�I,7
CAASTA�EDA,7
CONSULTOR�A,7
NU�U,7
CARRI�O,7
PI�ADOSA,7
MIL�N,7
PE�URI,7
BIBA�EZ,7
CAAMA�A,7
VIXHI�AC,7
TEMIZQUE�O,7
SALADA�A,7
O�ATIVIA,7
W�RSTE,7
SU�STEGUI,7
CABRE�O,7
AY�N,7
CARRI�N,7
PA�AL,7
PIRA�AS,7
CASTA�DA,7
A�ORBEZ,7
B�CHNER,7
D�UNERT,7
A�ELY,7
GUAJAQUE�ISIMO,7
LEBE�A,7
A�ADIENDO,7
ECHEVARR�A,7
INDUSTR�A,7
GALI�O,7
AVUNDA�O,7
CASTA�ADA,7
BA�ALITEC,7
ALVARI�O,7
VIDA�ES,7
VRICE�O,7
ZIA�EZ,7
QUI�IONEZ,7
ZA�EZ,7
MORE�A,7
SA�DE,7
CASTE�ADA,7
VICTOR�A,7
VEDA�A,7
VILLECA�A,7
ACALQUE�O,7
LIZE�A,7
PE�APOBRE,7
MONTERA�O,7
BIODISE�O,7
CREDISE�O,7
CA�EDOS,7
ARMU�A,7
GR�NBERGER,7
ENTREVI�EDOS,7
ESACRE�O,7
UR�AS,7
AVENDA�OS,7
COROME�O,7
CARE�O,7
CARL�N,7
GARA�ON,7
CASATA�EDA,7
SUE�AS,6
GAZTA�AGA,6
CABORQUE�O,6
ECOLOG�A,6
RA�AL,6
SANTOBE�A,6
MUR�T,6
INSPECCI�N,6
YOMONTA�O,6
NERBI�O,6
MARI�AS,6
GALDU�O,6
CEPE�A,6
BLA�EDEZ,6
GUAG�I,6
CHAPE�O,6
�ENTREGA,6
SESI�N,6
CASA�EZ,6
VIGA�AS,6
HIP�LVEDES,6
TOTO�HO,6
ARG�ETA,6
BEGO�IA,6
ANTO�A,6
VIPI�A,6
REPARITE�O,6
GL�KY,6
PA�ART,6
G�ISA,6
GORGO�O,6
PING�INOS,6
VOLA�O,6
YPATI�O,6
VI�AZ,6
BRU�A,6
PE�AGIO,6
�ORI,6
K�RBER,6
PATL�N,6
CAMI�O,6
O�ATAE,6
P�BLOCO,6
EFIGUE�A,6
ESPEC�FICO,6
CONSTITUCI�N,6
H�BIL,6
A�ES,6
JUL�AN,6
MIR�N,6
NI�OZ,6
U�ATES,6
LUA�A,6
GALI�ANEZ,6
J�CRUZ,6
LACTOLE�EROS,6
VI�OLES,6
CA�IZAL,6
KACHI�A,6
GEN�MICA,6
M�DICOS,6
GORDO�O,6
A�REOS,6
ENSE�AME,6
ORTA�EZ,6
ALVEDA�O,6
NEGR�N,6
ORGANDO�A,6
JOYE�O,6
K�HNERT,6
G�EREJO,6
A�ORGA,6
�O,6
PE�AFIL,6
ZALD�VAR,6
P�IBLICO,6
COTE�O,6
COMPUDISE�O,6
MARSELE�O,6
CHINE�A,6
HOGARE�OS,6
SERE�I,6
MAG�I,6
QUINO�EZ,6
MARITO�E,6
F�RDERTECHNIK,6
WOLOJVIA�SKY,6
CRECE�O,6
F�GEMANN,6
F�RREA,6
VIDRIALE�O,6
LEA�ES,6
ZU�OGA,6
PE�AR,6
TOURI�O,6
MEDA�O,6
ANTO�IA,6
MU�EZ,6
PE�E,6
MADUE�OS,6
SE�ALOAX,6
SANTIBA�EA,6
CHINE�O,6
LIA�EZ,6
ALI�AN,6
CHAVE�AS,6
ARQDISE�O,6
TRAVESA�O,6
BRU�O,6
QUII�ONEZ,6
COCTI�O,6
LI�ANT,6
MU�ATOL,6
PAZAR�N,6
�ARI,6
MIRRU�A,6
SUSA�O,6
CELEDO�IA,6
MA�DEL,6
SELEDO�A,6
SECE�O,6
S�YNE,6
SERRATI�O,6
OVA�EZ,6
NOMBRA�A,6
PING�ICAS,6
EST�N,6
PON�AN,6
KR�ANSKA,6
ACOMPA�ADOS,6
ACU�AS,6
VILAFA�A,6
OCA�EZ,6
DESPE�APERROS,6
MIUDI�O,6
MORF�N,6
AMENDA�O,6
GUBI�A,6
FRANCISQUE�O,6
BELTRANE�A,6
CRED�TO,6
SALME�O,6
MARENDISE�OS,6
ELABORACI�N,6
ABISE�O,6
GL�MER,6
SOLOG�ERES,6
BA�AS,6
HERE�O,6
A�IE,6
CORI�O,6
AXI�A,6
ACU�ENSE,6
HI�IGO,6
C�RCAMO,6
SISE�ORA,6
CHAPE�A,6
PE�IS,6
AVENDA�OZ,6
YA�IS,6
G�ORK,6
BOLOA�OS,6
EXTENSI�N,6
ARRIVE�A,6
MACEDO�O,6
ERSE�OS,6
TECNOL�GICOS,6
GORDI�O,6
G�EL,6
AVI�AGA,6
GARZE�O,6
MARDRUE�O,6
FUNGAIRI�O,6
RABAD�N,6
ESGOLI�A,6
SED�N,6
H�ITRON,6
LESA�A,6
OSO�O,6
Y�UIGUEZ,6
COMENZA�A,6
CARCIDUE�AS,6
ALBA�ILERIAS,6
CHANCABA�AS,6
ANTELACI�N,6
TRIGUE�ITA,6
GUT�ERREZ,6
ESP�NOLA,6
URVI�A,6
PICACE�O,6
Y�ARRA,6
BETINGUE�O,6
FILLAFA�A,6
MORDUE�O,6
MIRE�A,6
MER�Z,6
Y�ARRITU,6
CASA�OS,6
SE�ALITICA,6
NU�EZMORA,6
GUADAL�UPE,6
YA�IZ,6
CA�EVERAL,6
TAVI�A,6
GUERE�O,6
ANTICIPACI�N,6
CU�ADOS,6
BALDEPE�AS,6
SARE�AN,6
TRA�A,6
MONSI�O,6
SPOTHA�S,6
FELE�O,6
DUU�IM,6
FILIGO�O,6
MI�ERIS,6
CERO�O,6
ESLE�O,6
CASTELLA�O,6
GE�A,6
GASCU�A,6
LOME�O,6
ESPITU�AN,6
OZO�OS,6
GUA�ELLI,6
EG�IS,6
COTI�O,6
VOLA�OS,6
TLALTE�A,6
GARRU�ERA,6
GRISE�O,6
BIS�AGA,6
MEGCH�N,6
COYOAC�N,6
LEPE�A,6
MU�ECOS,6
AZA�ON,6
VI�ON,6
L�A,6
CORDU�A,6
IND�GENAS,6
AYL�N,6
COMPA��A,6
PE�AGAY,6
MORE�OS,6
S�STENES,6
GRO�AD,6
ZU�IEGA,6
H�BBE,6
PUBLIDISE�OS,6
A�IEL,6
MARTI�O,6
LUDI�O,6
GOMEZCA�AS,6
LUGAR�DE,6
ALAME�A,6
CA�ADITA,6
MANGUE�A,6
G�ISMARIN,6
CE�IDA,6
H�BL,6
SKRE�O,6
CARRE�OCARRE,6
CIGO�A,6
GE�OS,6
CIRE�O,6
DIZE�OS,6
ALBA�ALES,6
ERGO�IA,6
ORDU�AS,6
TO�ANES,6
PE�AFIELD,6
ENSE�ANDO,6
DEBER�N,6
MU�ATONES,6
MUDAVI�A,6
SUVI�ACH,6
A�AZ,6
PU�OS,6
BASA�ES,6
DUQUE�O,6
MARO�AS,6
ALI�ADO,6
D�RST,6
CA�ALES,6
N�VA,6
GRA�EL,6
YAIRSIH�O,6
Y�URRIA,6
ANATOM�A,6
I�IGEZ,6
MANGUE�O,6
TA�ES,6
DESE�O,6
TRVI�O,6
VA�UELAS,6
MED�NA,6
ALJOMADISE�O,6
QUI�OCTE,6
DISE�ART,6
WERE�A,6
CODA�OS,6
SAVIG�ON,6
CAFETI�O,6
TRANSLAVI�A,6
UBALDA�O,6
YLLA�EZ,6
PE�ACOBA,6
PI�ASORIA,6
CHI�AZ,6
MA�OZ,6
ANGELE�O,6
RODRIGUEZSA�A,6
VILALSE�OR,6
CU�ARRO,6
JPE�A,6
CABA�UELAS,6
A�ORVES,6
C�N,6
E�AVE,6
ORTE�A,6
OTA�A,6
K�CHE,6
ORDU�E,6
SE�ALMAX,6
DISE�OCANINO,6
MORO�O,6
IMPROCA�A,6
CAZA�ON,6
COCA�A,6
MONSIV�IS,6
MALDEPE�A,6
GARADU�O,6
GANI�O,6
MU�US,6
A�ORANZA,6
LI�IAN,6
NELHI�O,6
N�RNBERG,6
DA�OBEITIA,6
J�GUADALUPE,6
PUMARE�A,6
CU�AZAPA,6
PATE�A,6
F�R,6
IMA�A,6
G�IJOLA,6
AYEL�N,6
PE�AZCO,6
LIMONTA�O,6
AM�S,6
SALDE�A,6
ELI�N,6
PA�A,6
CHOI�SKA,6
AZUCA�A,5
C�SPEDES,5
M�NERA,5
MO�ARCH,5
C�STULO,5
20�D,5
LARRI�AGA,5
CU�AS,5
PA�UNI,5
ERMI�IA,5
MAZ�N,5
RAMIRE�A,5
MALASA�A,5
ANATOMOPATOL�GICOS,5
CAMBR�N,5
DETERMINACI�N,5
AB�NDEZ,5
VALLAFA�A,5
NI�ON,5
SETI�N,5
EGU�A,5
PIXE�O,5
MADRILE�OS,5
ALASA�EZ,5
RIBERE�AS,5
REVERSI�N,5
MAULE�N,5
INDA�ON,5
PE�AZI,5
B�HM,5
REALIZAR�N,5
PARED�N,5
TELEF�NICO,5
PLANEACI�N,5
N�15,5
BIRA�A,5
ACEVE�A,5
LEBENSST�CK,5
SATISFACCI�N,5
AR�MBULA,5
QUIR�Z,5
RAPHA�L,5
BASALD�A,5
MORRI�A,5
ARBA�IL,5
TECNOLOG�A,5
JARDISE�O,5
ARG�EZ,5
CICLOTR�N,5
J�SUS,5
RAMIR�Z,5
ANGOSTURE�OS,5
AVIGE�O,5
PϿ�REZ,5
GESTI�N,5
MULTIDISE�O,5
ALV�DREZ,5
QUI�OA,5
CAUCI�N,5
AGROPI�ERA,5
HECT�R,5
CAPACITAC�ON,5
MARR�N,5
BAYL�N,5
OLEA�S,5
EDISE�O,5
LOBAT�N,5
SE�ORINA,5
JAIEZHI�O,5
CINEMATOGR�FICAS,5
ORTEG�N,5
COLABORACI�N,5
P�REZPI,5
�AS,5
AR�AS,5
ARMI�ANA,5
PICHIG�ILA,5
N�1000,5
MU�OZCAR,5
PATOL�GICA,5
CHAVE�O,5
CASA�AZ,5
DEMO�OS,5
ADR�AN,5
ARME�IA,5
BALB�S,5
QUI�OMES,5
CARDE�OSA,5
TLALTICA�A,5
QUI��NEZ,5
BARGA�ON,5
TELEF�NICA,5
CABA�ES,5
AVI�ON,5
ALAV�Z,5
COMUNICACI�N,5
RAMI�REZ,5
RIBB�N,5
RONDE�A,5
ALP�ZAR,5
CA�AGOLFO,5
BUEND�A,5
ALF�REZ,5
REALIZACI�N,5
P�BLICOE,5
PE�AGOS,5
FERN�NDA,5
ELID�A,5
GERMAN�SORIANO,5
ED�N,5
DESTU�EZ,5
CAPISTR�N,5
NUTRICI�N,4
DENN�S,4
A�EJO,4
MARE�OS,4
BALC�ZAR,4
H�TTINGER,4
SA�NCHEZ,4
CENTURI�N,4
TAC�AS,4
CONFEDERACI�N,4
JAZMI�N,4
QUI�AJARS,4
CONTRUCCI�N,4
BOLA�OSCACHO,4
RIC�RDEZ,4
P�VEL,4
ROL�N,4
�N,4
M�NNICH,4
INDEMNIZACI�N,4
CAPUL�N,4
SA�NZ,4
DOMI�NGUEZ,4
BALANDR�N,4
ALSE�A,4
QUI�ONERO,4
CORROVI�AS,4
RAM�EZ,4
HENR�QUEZ,4
CIBRI�N,4
PROGRAMACI�N,4
V�LIDA,4
DISE�ARE,4
CASTA�ED,4
VILLAE�OR,4
SO�E,4
CORT�ZAR,4
RADIACI�N,4
S�LA,4
PRODUCCI�N,4
ORO�EZ,4
G�ZMAN,4
CH�IDEZ,4
MAESTR�A,4
MARTHA�ALMAZAN,4
CASTRELL�N,4
EVENDA�O,4
YA�R,4
UL�N,4
C�NCER,4
RABO�O,4
ACATL�N,4
LIBRER�A,4
VALD�Z,4
URZ�A,4
MONDRILE�A,4
CATA�A,4
METROLOG�A,4
JOSEL�N,4
VALLASE�OR,4
ORDDO�EZ,4
BAE�A,4
PANIAG�A,4
INSCRIPCI�N,4
OTA�E,4
SUB�AS,4
OCCE�A,4
ZU�IVAZ,4
RODR�GEZ,4
PE�ARO,4
D�S,4
ESTANTER�A,4
GIN�S,4
CHA�VEZ,4
YAXK�N,4
TRIMI�O,4
PALMER�N,4
V�RGUEZ,4
AR�N,4
M�QUINA,4
BIOQU�MICA,4
N�E,4
GUI�AZU,4
SO�ADO,4
CELED�N,4
BUTR�N,4
ABAD�A,4
CIZE�A,4
REA�EZ,4
QUISTI�N,4
AN�BAL,4
P�BLICOI,4
GRACI�N,4
RISUE�A,4
SO�ADA,4
LEGALIZACI�N,4
LIQUIDACI�N,4
OT��EZ,4
Z�RRAGA,4
SAL�N,4
CHA�REZ,4
J�SE,4
MA�RQUEZ,4
HUE�Y,4
FLORE�N,4
GOSZCZY�SKA,4
ANTROPOLOG�A,4
MU�OSIERRA,4
C�DITO,4
UNI�N,4
ANGEL�GABRIEL,4
EXENCI�N,3
NUXI�O,3
F�BRICA,3
ARTAN�AN,3
IRA�S,3
SICE�AS,3
SARAB�A,3
H�A,3
EDD�N,3
PA�L,3
MAHET�SI,3
CASTELL�N,3
20D�AS,3
Y�H,3
ITSME�O,3
GEN�TICA,3
EXHICI�N,3
ARRIVE�O,3
CERV�N,3
COMPA�A,3
SEBAST�AN,3
GUTI�RRZ,3
BERL�N,3
DISE�OHOTEL,3
SULEIM�N,3
C�BICOS,3
PI�AGLORIA,3
GILB�N,3
M�RTIR,3
PROGRESE�OS,3
MARL�N,3
CASTE�ANOS,3
CORTINE�O,3
MARA��N,3
NOTIFICACI�N,3
CARDU�O,3
G�NARO,3
COSTE�ITAS,3
J�MENEZ,3
BETA�O,3
MU�ET,3
INCL�N,3
COSS�O,3
HER�NDEZ,3
AB�N,3
MERCANC�AS,3
AVIACI�N,3
ODIL�N,3
QU�ONEZ,3
CESA�A,3
PROGRAM�TICO,3
T�N,3
P�BICO,3
GABALD�N,3
P�C,3
KARIBE�A,3
RECTOR�A,3
ATL�NTICO,3
LAND�N,3
L�EDITION,3
COL�NICO,3
ANZ�RES,3
EXPEDICI�N,3
S�AREZ,3
CI�NEGA,3
BA�ACAN,3
MENDOZAJOAQU�N,3
JEREM�AS,3
INTERI�N,3
PAG�A,3
PORTE�OS,3
BRICE�OA,3
MAZCARE�AS,3
BRE�ALVIREZ,3
HIST�RICOS,3
�NICA,3
KARLSTR�M,3
R�BAGO,3
G�ICHOS,3
GU�A,3
CIUDAD�DE,3
P�BLCO,3
CA�AR,3
PL�CIDO,3
�REZ,3
GUI�STINNE,3
CUAUTITL�N,3
MARYJ�SE,3
TAG�E,3
�M,3
HELAM�N,3
C�ZAREZ,3
P�REZP,3
ANA�S,3
INGL�S,3
RES�NDEZ,3
BA�IUELOS,3
QUI�NES,3
TAP�A,3
LOR�A,3
MUϿ�OZ,3
HUMBERTOCALDER�N,3
�HU,3
AC�S,3
COMPENSACI�N,3
A�ARGAL,3
OCEANOGR�FICA,3
ABSAL�N,3
DIA�EZ,3
ALAMI�O,3
CL�NICA,3
CONTRATACI�N,3
GOZ�LEZ,3
LOBE�O,3
M�ZQUITA,3
QUIϿ�ONEZ,3
BOL�N,3
BEATR�Z,3
ORDUϿϿϿϿ�O,3
RONALDHI�O,3
ZAPI�N,3
MAYR�N,3
VAL�DEZ,3
JAB�N,3
PE�LALOZA,3
BELM�N,3
BAD�A,3
N�FATE,3
SEGUCA�A,3
ORU�O,3
P�RRAFO,3
ELI�ZER,3
MI�OZ,3
HORDO�EZ,3
AL�JANDRO,3
�MEXICO,3
ECHAVARR�A,3
CAZAR�N,3
QUILANT�N,3
MODERNIZACI�N,3
M�SICO,3
UC�N,3
N�1,3
EL�CTRICO,3
NA�JERA,3
N�7,3
036�SEDE,3
SANC�N,3
ROCH�N,3
ANT�NIO,3
CONETE�O,3
SH�NCHEZ,3
L�ON,3
J�COME,3
BALI�AS,3
GONZA�LEZ,3
BO�ALOS,3
NAT�N,3
JARD�N,3
CIRUG�A,3
BIOLOG�A,3
TEST�NG,3
CUITL�HUAC,3
JUST�N,3
LEPR�N,3
RODR�GRUEZ,3
ENTRA�A,3
GASTRON�MICO,3
GUDI�NO,3
CALLEJ�N,3
MEND�Z,3
ARZ�PALO,3
GONZ�NEZ,3
ANAN�AS,3
OC�ANO,3
S�UL,3
JA�R,3
ESCAL�N,3
ESP�RITU,3
N�JAR,3
TISCARE�OS,2
BA�OL,2
Y�A,2
MESOAM�RICA,2
P�JARO,2
ALL�N,2
FARFA�N,2
ESCONTR�AS,2
T�CNICOS,2
EMA�S,2
SADU�O,2
MEL�NDREZ,2
DIAGN�STICO,2
PRESENTAC�ON,2
ORELL�N,2
OLIC�N,2
S�LO,2
LORENA�CABALLERO,2
HUE�I,2
R�MULO,2
CIPRI�N,2
MONTAI�O,2
JA�N,2
ZA�IGA,2
A�URVE,2
CA�ICULTORES,2
BALVANT�N,2
ASCENCI�N,2
RAI�A,2
MARINA�OVIEDO,2
MARTH�N,2
GUARDI�N,2
BOLA�PS,2
KE�LANY,2
D�LUZ,2
JOSIEDI�O,2
PEN�LOPE,2
YESENIA�ESTRADA,2
BRA�ES,2
DOMINGUEZ�JUAN,2
BALE�N,2
TONATI�H,2
CL�NICAS,2
VENTANEAR�A,2
BALC�N,2
G�RATE,2
V�LIZ,2
MAR�NEZ,2
CHERE�A,2
MONTA�OSA,2
M�LANI,2
CARABA�O,2
ZU�IGON,2
MELEND�Z,2
N�MINA,2
SUPRESI�N,2
PRISE�O,2
D�ACOSTA,2
ENS�STIGA,2
CR�DITRO,2
V�QUEZ,2
GAIT�N,2
ESTOPI�AN,2
CALCAN�O,2
M�DICAS,2
PEϿ�A,2
GUADI�N,2
M�NICO,2
TOVAL�N,2
ALD�N,2
I��GUEZ,2
ANTI�IR,2
JON�S,2
LING�ISTICAS,2
JOS�AS,2
HU�RAMO,2
CORD�N,2
GER�TE,2
NA�M,2
GALV�Z,2
R�MIREZ,2
VER�N,2
C�A,2
PI�ATE,2
CR�Z,2
LILI�N,2
PENI�AS,2
EXTRA�AR,2
SALDAI�A,2
GUIT�RREZ,2
M�LTIPLES,2
BL�SQUEZ,2
N�NCY,2
DYSA�EZ,2
ALMOD�VAR,2
ELOI�SA,2
RETENCI�N,2
ESPI�A,2
CH�ZARO,2
RAPI�O,2
ESP�NDOLA,2
CAPACITACI�N,2
M�LDRED,2
CARIBE�AS,2
JAI�E,2
BAR�N,2
FILOSOF�A,2
M�RITO,2
BETZ�A,2
URTUZU�STEGUI,2
P�RRA,2
KARI�O,2
MARIANA�BARRUETA,2
CITAL�N,2
HAS�N,2
11NI�OS,2
EMPE�AFLASH,2
�NU,2
ARMER�A,2
VA�ZQUEZ,2
MARIH�O,2
P�TRACA,2
�GUEZ,2
L�VARO,2
GEOF�SICA,2
ESC�RPITA,2
MARTIN�Z,2
ZEPE�A,2
ϿϿ�NGEL,2
RODRIGU�Z,2
AM�RICO,2
PENALIZACI�N,2
JERZA�N,2
SANTIAB�ES,2
BEL�M,2
DISE�E,2
CR�DITO30,2
ALT�ZAR,2
GENOV�S,2
NART�NEZ,2
MA�ANET,2
N�ECONOMICO,2
TE�HE,2
GAMB�A,2
HYATS�I,2
D�MIAN,2
AZC�RRAGA,2
L�TZOW,2
HUCH�N,2
ALCAR�Z,2
CASILLAS�JORGE,2
FLOR�N,2
TECNOLO�GICO,2
SIA�ES,2
MART�NZ,2
G�MORA,2
INGENIER�AS,2
FORT�N,2
ITZ�ES,2
N�A,2
B�RCENA,2
C�RDEAS,2
NAPOLE�N,2
AR�MBURO,2
LANDO�O,2
MONTO�O,2
GARPE�A,2
CH�ZARES,2
BRISE�OR,2
EXTRA�AS,2
BERROTER�N,2
BA�Z,2
M�RUEZ,2
BORB�N,2
FERNAND�HINI,2
K�NSTLER,2
DONJU�N,2
MU�O,2
HURAC�N,2
P�BLICOM,2
ANAHIGONZ�LEZ,2
MOYS�N,2
CEDA�O,2
COND�S,2
NOGU�Z,2
VILLASER�OR,2
YEYMIN�CRISTELL,2
J�RGUEN,2
ISCARE�O,2
VILLAZ�N,2
INTERCONEXI�N,2
FUMIGACI�N,2
ZEBAD�A,2
ZUGI�A,2
NACH�N,2
FUNDACI�N,2
EXTENCI�N,2
LUCILA�GALINDO,2
DOCUMENTACI�N,2
A�LVARO,2
D�ZOARA,2
EST�VEZ,2
BAZ�A,2
G�NTIZ,2
REUNI�N,2
BARQUE�A,2
BIOTECNOLOG�A,2
GARDUϿϿ�O,2
BARRANG�N,2
MIJA�L,2
AUTOB�S,2
CARLOS�P,2
DO�HU,2
VALENTI�N,2
MUG�RTEGUI,2
ZUB�A,2
BRAND�N,2
RUB�IBARRA,2
FABRICACI�N,2
GURR�A,2
VILLAR�N,2
METROL�GICAS,2
V�LDES,2
MONT�FAR,2
CAST�N,2
ENR�QUE,2
OSM�N,2
D�FNE,2
LOG�STICO,2
SA�VEDRA,2
TERR�N,2
PI�AMORA,2
ALG�RATE,2
EXTEMPOR�NEA,2
ZUBIR�A,2
ANAH�S,2
IMPRESI�N,2
MET�LICOS,2
NISAGUIE�CITLALI,2
J�CQUEZ,2
JUA�AK,2
SULVAR�N,2
ALICIA�FLORES,2
POL�TICAS,2
ASCENC�N,2
SAGA�N,2
DENOMINACI�N,2
SER�FICO,2
GAR�A,2
PE�ANFORT,2
M�LANY,2
H�RNANDEZ,2
ESTEFANI�A,2
TL�HUAC,2
OTATITL�N,2
AD�NCOTA,2
ALFREDO�GALICIA,2
WYLLIAM�S,2
SIMBR�N,2
SHIL�N,2
JARQU�N,2
RE�E,2
ESP�NOZA,2
ALV�REZ,2
R�STING,2
BERR�OS,2
PABLOMU�OZ,2
ECHAG�E,2
D�NOVAN,2
T�RMINO,2
JAQUEL�N,2
CA�ERAS,2
CR�E,2
DELF�N,2
RAR�MURI,2
ENERGIZACI�N,2
PARTICIPACI�N,2
VI�ERES,2
LIV�N,2
MICROBIOLOG�A,2
ALESSANDRAL�PEZ,2
ROSAL�O,2
ABRAH�M,2
D�MARIS,2
N�O,2
V�ZCARRA,2
DOM�GUEZ,2
VEINTID�S,2
ZEPEDE�O,2
MOG�TAVO,2
LIQUIDAR�AL,2
NOGUER�N,2
GATU�O,2
IGLES�AS,2
NETZAHUALC�YOL,2
JONAT�N,2
Z�N,2
CARMEN�GARCIA,2
GARDO�O,2
SAB�S,2
HOMEOP�TICOCHIMALPOPOCA,2
ORTE�OS,2
VALDE�A,2
IGNICI�N,2
INTER�S,2
JO�O,2
LEMUSJES�S,2
BE�IZLOP,2
ELECTROMEC�NICA,2
VAILLAFA�A,2
QUIZAM�N,2
FRAN�AISE,2
BERISTA�N,2
RENOVACI�N,2
MAC�S,2
G�UERECA,2
MERL�N,2
JE�S,2
COBE�A,2
INFORM�TICOS,2
UBICACI�N,2
DI�Z,2
VALORACI�N,2
DI�S,2
VARGASGONZ�LEZJOS,2
MATUR�N,2
PREINVERSI�N,2
TURI�O,2
ALDUC�N,2
RAM�RO,2
VILLAF�N,2
LLA�ES,2
CRISTI�N,2
IR�ZAR,2
BARRANQUE�A,2
MOIS�SRODR,2
GUIE�E,2
MARIA�MORENO,2
VI�OAS,2
MARGARITA�FLORES,2
NEMATATL�N,2
AVENDA�A,2
LUQUEA�O,2
ZERBE�O,2
CARD�Z,2
NICHOL�S,2
COVI�N,1
G�ELL,1
JUANA�HERNNADEZ,1
CADER�N,1
BOLICHESANTALUC�A,1
MUG�ERZA,1
MERA�Z,1
ORTOPED�A,1
VELAZQU�Z,1
HUGO�GUILLEN,1
DZ�L,1
JAVIER�SANABRIA,1
MARGAILL�NDIAZ,1
BA�UELO9S,1
CR�DITOS,1
CARAM�N,1
ZULE�A,1
TRANSCA�A,1
PENSI�N,1
SOCI�T,1
TEQUISQUIAP�N,1
EDA�N,1
STHIL�EN,1
AYELE�N,1
CAMI�AS,1
R�SALES,1
NEUROPATOLOG�A,1
ALIZ�N,1
DEUE�AS,1
INONOVACI�N,1
DEMI�N,1
HORACIO�MONROY,1
VEL�QUEZ,1
TAJ��W,1
ARCI�EGA,1
�JUAN,1
VEINTI�N,1
ESTRAT�GICOS,1
YE�A,1
VER�STEGUI,1
P�BLCIO,1
PAMEL�A,1
BR�GIDA,1
D�ALEXANDER,1
�DA,1
TE�RICA,1
IRMA�PABLO,1
SO�ALECI,1
SANCI�N,1
208LICITACI�N,1
CONSIGNACI�N983744,1
JOCEL�N,1
JULII�N,1
MOGOLL�N,1
HIP�LITA,1
NORBERTO�LUNA,1
MONTE�O,1
B�NGER,1
UNIVERSIT�T,1
MALAQU�AS,1
O�GAVILAN,1
C�DIGOX4UEL2AD,1
EDICI�N,1
NA�N,1
SCH�NLE,1
MART�NES,1
VIGUER�AS,1
JUAN�CHAVEZ,1
N�36,1
MATOCI�OS,1
ORBEL�N,1
VELED�AZ,1
S�LIDO,1
SOLA�EXHIBICI,1
LI�VANO,1
NARC�A,1
DICT�MENES,1
GEN�MICAS,1
GOPHA�L,1
MARIA�VICTORIA,1
YA�E,1
ROSARIO�ROMAN,1
SEDENASANJER�NIMO,1
JOT�N,1
CORAZ�N,1
AM�LIE,1
ESCARE�OLUIS,1
TEVI�O,1
MATEM�TICAS,1
BOLL�S,1
M�SS,1
CECE�OPAZ,1
ANARQU�A,1
RIB�N,1
CONSUELO�VILCHIS,1
M�RE,1
OPCI�N,1
S�TANO,1
OLIMP�CO,1
�FASE,1
LAV�N,1
P�BLIBO,1
F�LORES,1
CLIM�TICO,1
DA�ADO,1
VALDOPE�A,1
S�DAN,1
PAGOA30D�AS,1
CASA�EDA,1
ARIST�TELES,1
EULALIA�ANZURES,1
ESC�RREGA,1
L�INARES,1
AGUADE�OS,1
MIOP�A,1
QU�MICAS,1
�PAOLA,1
WOMEN�S,1
BI�NISA,1
K�MIK,1
CASTA�AN,1
GR�N,1
TA�ON,1
EXHOBICI�N,1
B�MACA,1
GASPER�N,1
D�CIGA,1
V�LVULA,1
ZINZ�N,1
ACU��A,1
6�D,1
BERRIOZ�BAL,1
M�CANICOS,1
RAPHA�LLE,1
TARIFE�O,1
S�NTIZ,1
�ON,1
ELENA�FLORES,1
PU�A,1
NANG�ELU,1
�S,1
N�POLES,1
EZEQUIELZU�IGA,1
BERTHA�VARELA,1
REFACTURACI�N,1
PE�IUELAS,1
JO�P,1
ILUSI�N,1
ALBERTO�ARRIETA,1
BA�UELOZ,1
DEMU�Y,1
ST�HLER,1
R�A,1
PAPELER�A,1
ZEN�N,1
GRE�A,1
GUSTAVO�GOMEZ,1
FPSICOLOG�A,1
METEL�N,1
HERR�N,1
MA�ES,1
RODR�GO,1
L�RRAGA,1
BASTI�N,1
H�LI,1
�DEISI,1
CARD�N,1
ELETR�NICA,1
CASTE�A,1
METEROLOG�A,1
ALIZ�E,1
ROSARIO�GARCIA,1
QUI�OTEC,1
MARCELEÃ,1
MI�IS,1
R�BEN,1
MAGN�TICO,1
IMPARTICI�N,1
JAIRHSI�O,1
DURANGUE�A,1
O�NEAL,1
ELO�NA,1
ABELA�O,1
PASTRA�A,1
CR�DITO20,1
MARIA�ARTEAGA,1
GETSEMANI�RAM,1
ALGAR�N,1
GL�CKCONTROLS,1
LI�ON,1
DESCRIPCI�N,1
SANTOS�AILIN,1
GARC�AFRANCISCO,1
MAQUINAR�A,1
CTA�0100,1
�TESOFE,1
CA�RDENAS,1
ESCRE�O,1
PROYECCI�N,1
AID�E,1
LAD�AK,1
DELIA�RIVERA,1
SARRI�N,1
PSIQUI�TRICO,1
INTRODUCCI�N,1
NO�OS,1
SARE�ANO,1
CR�IDITO,1
APORTACIONESICI�N,1
M�NDOZA,1
M�NDE,1
IREN�VEGA,1
SELECCI�N,1
SCH�FER,1
JIM�NES,1
EL�CTRONICA,1
EXHIBIC�ON,1
CHIG�INDO,1
SCHR�TER,1
EMPE�A,1
12D�AS,1
LOG�STICA,1
ERMI�A,1
YESH�A,1
REINOZO�BED,1
MAYLEN�CALLEJAS,1
GERMA�N,1
BATI�O,1
TEPACA�A,1
OYARZ�BAL,1
RAMIREZ�RODRIGUEZ,1
ALEJANDR�A,1
AT�ELBA,1
MAYA�N,1
RECOPE�A,1
TUY�B,1
RUSI�OL,1
CAP�TULO,1
ARIADNA�SOLIS,1
S�NCHEZJOSE,1
DESP�ES,1
ZELID�N,1
INCLU�DO,1
MA�ANERAS,1
OD�METRO,1
15D�AS,1
MONTE�EZ,1
VI�TICOS,1
HILC�AS,1
CORU�A8571ENTREGA1905,1
PERDIG�N,1
BUENDI�A,1
OL�VER,1
ITZC�ATL,1
SOBERA�ES,1
SE�ALPAINT,1
ZUN�N,1
ANT�RTICA,1
ISABEL�JUAREZ,1
PITAL�A,1
ABD�AS,1
FERNANDO�AGUILAR,1
VICTORIA�ESPINOSA,1
GD�A,1
ASESOR�A,1
MAR�O,1
ESMERALDA�IBARRA,1
AERON�UTICA,1
BIVA�OS,1
M�TQUEZ,1
SALAZ�R,1
M�RTINEZ,1
STEFAN�A,1
FAB�AN,1
URI�STEGUI,1
TAR�N,1
�RODRIGUEZ,1
MÃ,1
CANT�N,1
CO�OEPAN,1
CARDEN�S,1
BAIL�NJUAN,1
PAST�N,1
K�HN,1
JOSUÃ,1
CADA�ANES,1
BALLARTE�O,1
ARQUIDISE�O,1
RHA�L,1
MARI�N,1
MIU�OZ,1
J�REGUI,1
CATEGOR�A,1
2025REQUISICI�N,1
PII�A,1
MEING�ER,1
W�TSUK,1
GI�AN,1
Y�VAL,1
�MAR,1
D�RING,1
CORU�ANV8627,1
EDS�N,1
VALER�A,1
NATAR�N,1
EPIFAN�O,1
PATI�IO,1
BERN�S,1
UZ�RRAGA,1
�BEATRIZ,1
PATRICIADENUESTRASE�ORADELSAGRADOCORAZON,1
ZIRAHU�N,1
ARACELI�RODRIGUEZ,1
MERCADITO�S,1
CARMEN�SERRANO,1
V�CTORIA,1
EXHBICI�N,1
PATISHT�N,1
ALCAD�A,1
LAVANDER�A,1
AZ�A,1
ESC�RZAGA,1
DI�AZ,1
ANT�N,1
G�MIZ,1
DIECIS�IS,1
VI�ETH,1
TRAV�S,1
MIRNA�DAVILA,1
SAMA�EGO,1
EHU�N,1
EXHINBICI�N,1
ER�NDIDA,1
PARAM�TRICO,1
ANDRES�PI,1
D�AAS,1
CA�AMARA,1
DEMARCACI�N,1
MART�INEZ,1
DUBL�N,1
BALD�N,1
REGULACI�N,1
MADI�N,1
SUPER�S,1
EXIHICI�N,1
COMUNDE�A,1
ROTHENH�FER,1
XICOHT�NCATL,1
L�ZARES,1
MONT�S,1
V�LLALBA,1
LUCI�A,1
ORDUI�O,1
�DIEGO,1
ONOFRIO�S,1
DECONCEPCI�N,1
COOPERACI�N,1
LAZAR�N,1
T�POX,1
CAND�N,1
DISCARE�O,1
ZA�D,1
NAVIDE�A,1
X�CHIL,1
GANADER�A,1
DURA�ONES,1
CHIM�N,1
EXHIBI�N,1
EST�NDAR,1
CR�DITO4205,1
GUIG�AN,1
MONTA�ESES,1
SENCI�N,1
RADAM�S,1
PI�AGRITSSMAN,1
DISUE�O,1
CR�DIIO,1
H�ROE,1
PAR�S,1
CUR�NTZITA,1
ZAMARR�PA,1
YEXAL�N,1
VILLAGARC�A,1
CONFECCI�N,1
ALMI�ANA,1
CORRESP�NDE,1
PI�ERUA,1
SISTEMATIZACI�N,1
MASCARE�A,1
6�C,1
JES�A,1
JES�SR,1
M�JICA,1
ALHEL�A,1
EN�CAMPECHE,1
�RATION,1
C�LIX,1
AUNDA�O,1
NUE�EZ,1
ALB�N,1
N�2,1
MARRT�NEZ,1
C�SARES,1
ORDO�E,1
DEM�S,1
HIDR�ULICA,1
ECHEGOLL�N,1
ACOMPA�AME,1
ARA�ES,1
CONSELLER�A,1
ASUE�OS,1
SAHAG�N,1
L�PE,1
PULIDO�NGEL,1
PU�ALES,1
FENEL�N,1
EXIHIBICI�N,1
PROMOCI�N,1
CRISP�N,1
SHOULY�S,1
LAND�ZURI,1
LARR�NAGA,1
CUITI�O,1
MONAT�O,1
L�ZEN,1
ESTEFAN�E,1
EL�CTRICA,1
JOS�FINA,1
CLAROS�BAHENA,1
N�MERODE,1
C�RCEGA,1
N�260,1
GRADUACI�N,1
D�YSI,1
MONTALBE�A,1
ESTEFANN�A,1
S�INZ,1
BAL�N,1
AMAT�N,1
P�LITO,1
INFATER�A,1
ALVAR�Z,1
ORDOϿ�EZ,1
TECNOLOG�AS,1
MONDA�O,1
RAM�RTEZ,1
MU�OIZ,1
HANSJ�RG,1
L�ZAREZ,1
N�CKOLAS,1
YAM�N,1
AL�NDRA,1
TANIA�ITURRIBARRIA,1
T�PIES,1
S�MCHEZ,1
KAREN�ANGELES,1
HONDURE�O,1
D�ARTOTE,1
ARQUIDISE�OS,1
URDO�EZ,1
MANTEC�N,1
L�MBER,1
ADICI�N,1
CL�MENCE,1
PATR�CIA,1
VEH�CULO,1
EL�CTRICOS,1
MINUSV�LIDOS,1
SAND�N,1
JOSÃ,1
CASTA�EDAJONATHAN,1
T�CTICA,1
N�X,1
NAH�MI,1
AVIL�Z,1
D�NAE,1
ORTI�Z,1
SAUL�S,1
ZU�Y,1
GONZ�LO,1
YULI�N,1
MASTER�AND,1
ALMEND�REZ,1
ART�NEZ,1
TRANSFER�A,1
CL�SICOS,1
JAIR�DIAZ,1
�GEORGINA,1
H�NDORF,1
CES�REO,1
ADAEL�FIGUEROA,1
CUAHT�MOC,1
T�TULO,1
V�LAZQUEZ,1
COMPE�N,1
PEDAG�GICA,1
OSUNARA�L,1
DO�E,1
EST�BALIZ,1
ELECTR�N,1
TA�DE,1
H�EGH,1
YUCUA�E,1
GUTI�N,1
SOFI�A,1
MONSIV�S,1
R�NGEL,1
GUSI�ER,1
ANZ�R,1
JOSAFATH�CHAVEZ,1
MILI�N,1
CONSTUCCI�N,1
KIRH�N,1
AGROM�TICA,1
ESPUPE�AN,1
CAH�N,1
PE�IN,1
S�CRATES,1
IN�GENA,1
ESTHEFAN�A,1
P�NUCO,1
HAYD�E,1
CLAVE�0000387,1
ODA�OA,1
ESTUPI��N,1
SALMOR�N,1
PEDRE�O,1
ANDDR�S,1
GUSM�N,1
AMEL�A,1
GARC�ALOPEZ,1
LUC�ANO,1
FIDMISOLUCI�N,1
TORREJ�N,1
W�RNER,1
ELECTR�NICOS,1
PALICE�OS,1
XOCHIMAYAG�EL,1
�TANIA,1
G�4TEAM,1
AVI��A,1
PATOLOG�A,1
EG�IZ,1
SALUD�2024,1
GENOV�Z,1
MILAN�S,1
CENTINELAM�RIDA,1
URIASPE�A,1
EDIN�O,1
KEN�Y,1
CASTA�E,1
GAL�NDEZ,1
ARQUITECT�NICAS,1
AGUSTIN�SANTIAGO,1
LED�N,1
WILLIAM�S,1
CAT�LICA,1
CR�DIO,1
GASTRONOM�CO,1
HEREN�NDEZ,1
MACI�O,1
ALEX�NDER,1
V�RGUZ,1
30D�AS,1
ISV�N,1
GAVALD�N,1
AG�NDEZ,1
BRICE�OMARQUEZ,1
�ALMA,1
N�12,1
FERNANDO�SANCHEZ,1
ESTIPI�AN,1
DESAF�OS,1
RECOLECCI�N,1
BADILLO�ESPINOSA,1
JOSEFINA�GUERRERO,1
PABELL�N,1
S�NTILLAN,1
CRP�DITO,1
OLAVARR�A,1
MAG�N,1
LAGUN�S,1
MARIA�MALDONADO,1
ANAL�TICA,1
ALFONSO�PORTELES,1
TEPETL�N,1
AM�ZAGA,1
BA�ELOS,1
JESUS�GUTIERREZ,1
ANTOL�N,1
BRICEϿ�O,1
CRP�ITO,1
M�XIMA,1
ATRIST�IN,1
Y�NIZ,1
SUM�RRAGA,1
RAG�EL,1
_5_BOJ�RQUEZ,1
OD�N,1
F�D,1
O�DELL,1
MEDO�O,1
CES�REA,1
D�LUNA,1
PALICE�A,1
DESINSTALACI�N,1
ELECTR�NICO,1
RODRIGUEZ�RIVERA,1
JARED�CARMONA,1
D�AQUINO,1
MEND�AS,1
C�S,1
PORT�TILES,1
COMERCIALIZACI�N,1
MONTSERRAT�RUBIO,1
EAAR�N,1
RESEND�Z,1
P�BELL,1
BIOTECNOL�GICAS,1
ZAVA�A,1
LOMEL�N,1
BISE�O,1
SANTALUC�A,1
N�90,1
N�PROCEDIMIENTO,1
GUADALUPE�SANTELIZ,1
MAZAT�N,1
ROBERTI�O,1
ADELA�SANCHEZ,1
FERROVIAR�A,1
DE�EGACION,1
RU�N,1
JACQUELINE�GUERRERO,1
PABLO�ORTIZ,1
ALVERDA�O,1
PEDI�TRICAS,1
FERR�EZ,1
TUR�STICA,1
ESPIRIDI�N,1
EXHIBUCI�N,1
DUPEYR�N,1
UNAMC�DIGO,1
GASC�N,1
PERUSQU�A,1
MANRR�QUEZ,1
JAQUELINE�VAZQUEZ,1
LLUFR�O,1
CARDIOLOG�A,1
PANTITL�N,1
ELO�SA,1
MAIJA�UI,1
GRACIELA�TAPIA,1
ESQU�VEL,1
D�VORA,1
TAMA�O,1
EL�ZABETH,1
ANAL�A,1
ESTUPI�O,1
JAM�N,1
BIOESTAD�STICA,1
GLOR�A,1
CHIHUAQUE�O,1
ORO�O,1
TEL�SFORO,1
CERRE�O,1
TU��N,1
CERD�N,1
GUARD�A,1
JOS�E,1
BARZ�N,1
VISUE�A,1
LANZAR�N,1
LY�AN,1
V�RTIZ,1
ROD�GUEZ,1
CARACTER�STICAS,1
ET�MULOS,1
NING�N,1
QUECHOLE�O,1
ARJ�N,1
POLIT�CNICA,1
BILLAFA�EZ,1
GLOR�ARFC,1
6�A,1
JIM�N,1
K�NI,1
P�GS,1
NORMAND�A,1
EMILIANO�PEREZ,1
BALTAZAR�AVELINO,1
BIDA�A,1
TRACCI�N,1
CHIC�N,1
BANJ�RCITO,1
P�Z,1
D�RAME,1
LESL�IE,1
T�CNICAS,1
MARQU�Z,1
RECONSTRUCCI�N,1
AN�LISIS,1
HABITACI�N,1
GRAC�A,1
MIGRA�A,1
D�HOMBRE,1
CASTA�OM,1
VELASQUEZNU�EZ,1
MOI�O,1
AR�CHIGA,1
IIHIST�RICAS,1
RODR�GUEA,1
MUI�OZ,1
GON�LEZ,1
DELA�A,1
ANDAL�N,1
PE�ALVERT,1
NOTRO�A,1
S�LINAS,1
IBA�E,1
GALDE�N,1
NESTOR�EFRAIN,1
JOSSEL�N,1
ARA�ZA,1
AMAZ�NICA,1
QUI�ONEZHERNANDEZ,1
VIZA�A,1
REM�REZ,1
PIZA�OS,1
CAL�N,1
MARI�NGEL,1
PLAT�N,1
CARMEN�CORREA,1
PA�ALOZA,1
EMBRIOLOG�A,1
CR�EDITO,1
ANGEL�MARGARITA,1
EVOLUCI�N,1
STEE�E,1
CASTE�ANO,1
INSURRECCI�N,1
POL�TICA,1
ARQUEOL�GICOS,1
GUADA�UPE,1
SECU�A,1
VILD�SOLA,1
G�ERA,1
LII�AN,1
MAC�KINNEY,1
CAPIT�N,1
MUTAG�NESIS,1
L�MPARAS,1
ZI�IGA,1
OTILIO�LOPEZ,1
IRI�N,1
VEL�ZQ,1
DGPLANEACI�N,1
O�OZ,1
CADE�ALEZ,1
AGROBIOTECNOLOG�A,1
FABIA�N,1
GARC�AEMMANUEL,1
MONTALV�N,1
CASTA�EYRA,1
MU�OZCANA,1
AS�S,1
DANA�S,1
RUB�O,1
FISHER�S,1
MARTT�NEZ,1
SUAR�Z,1
M�RELES,1
PECI�A,1
V�LCHEZ,1
